,Assignee_Name_Clean,Assignee_Name_Clean_Clean
0,"24M Technologies, Inc.","24M Technologies, Inc."
1,3DOM INC,3DOM INC
2,3M Innovative Properties Company,3M Innovative Properties Company
3,"A123 Systems, Inc.","A123 Systems, Inc."
4,Aalborg Universitet,Aalborg Universitet
5,ABSL Power Solutions Ltd,ABSL Power Solutions Ltd
6,Acal Energy Limited,Acal Energy Limited
7,Accentus plc,Accentus plc
8,ACEP Inc,ACEP Inc
9,ACREO SWEDISH ICT AB,ACREO SWEDISH ICT AB
10,Acumentrics Corporation,Acumentrics Corporation
11,"ADA TECHNOLOGIES, INC.","ADA TECHNOLOGIES, INC."
12,"Adavolt, Inc.","Adavolt, Inc."
13,Advanced Energy Technology Inc.,Advanced Energy Technology Inc.
14,"Advanced Modular Power Systems, Inc.","Advanced Modular Power Systems, Inc."
15,"Advanced Polymer Research, Inc.","Advanced Polymer Research, Inc."
16,"Adven Polymers, Inc.","Adven Polymers, Inc."
17,Advent Technologies,Advent Technologies
18,AEA Technology plc,AEA Technology plc
19,AEG Energietechnik GmbH,AEG Energietechnik GmbH
20,AF Sammer Corporation,AF Sammer Corporation
21,AGC Inc.,AGC Inc.
22,"AGC SEIMI CHEMICAL CO., LTD.","AGC SEIMI CHEMICAL CO., LTD."
23,"Seimi Chemical Co., Ltd.","Seimi Chemical Co., Ltd."
24,Agence Nationale de Valorisation de la Recherche (ANVAR),Agence Nationale de Valorisation de la Recherche (ANVAR)
25,AGENCIA ESTALAL CONSEJO SUPERIOR DE INVESTIGACIONES CIENTIFICAS,AGENCIA ESTALAL CONSEJO SUPERIOR DE INVESTIGACIONES CIENTIFICAS
26,"Agency for Science, Technology and Research","Agency for Science, Technology and Research"
27,Agency of Industrial Science and Technology,Agency of Industrial Science and Technology
28,"Air Products and Chemicals, Inc.","Air Products and Chemicals, Inc."
29,AIRBUS DEFENCE AND SPACE GMBH,AIRBUS DEFENCE AND SPACE GMBH
30,Airbus Operations GmbH,Airbus Operations GmbH
31,"Aisin AW Co., Ltd.","Aisin AW Co., Ltd."
32,Aisin Seiki Kabushiki Kaisha,Aisin Seiki Kabushiki Kaisha
33,"Aisin Takaoka Co., Ltd.","Aisin Takaoka Co., Ltd."
34,UNIVERSITE D'AIX MARSEILLE,UNIVERSITE D'AIX MARSEILLE
35,Akita University,Akita University
36,Albemarle Germany GmbH,Albemarle Germany GmbH
37,Alberta InnovatesTechnology Futures,Alberta Innovates—Technology Futures
38,Alcatel,Alcatel
39,Alcatel Alsthom Compagnie Generale d'Electricite,Alcatel Alsthom Compagnie Generale d'Electricite
40,Alcatel-Lucent USA Inc.,Alcatel-Lucent USA Inc.
41,"Alliance For Sustainable Energy, LLC","Alliance For Sustainable Energy, LLC"
42,Alliant Techsystems Inc.,Alliant Techsystems Inc.
43,"Allied-Signal, Inc.","Allied-Signal, Inc."
44,Alstom UK Ltd.,Alstom UK Ltd.
45,Aluminum Company of America,Aluminum Company of America
46,"Amazon Technologies, Inc.","Amazon Technologies, Inc."
47,American Lithium Energy Corporation,American Lithium Energy Corporation
48,AMITA TECHNOLOGIES INC LTD.,AMITA TECHNOLOGIES INC LTD.
49,"AMOGREENTECH CO., LTD.","AMOGREENTECH CO., LTD."
50,Amtek Research International LLC,Amtek Research International LLC
51,Analytic Power Corp.,Analytic Power Corp.
52,Angstrom Power Incorporated,Angstrom Power Incorporated
53,"APPLE, INC.","APPLE, INC."
54,APPLEJACK 199 L.P.,APPLEJACK 199 L.P.
55,"APPLIED MATERIALS, INC.","APPLIED MATERIALS, INC."
56,Arcotronics Industries S.p.A,Arcotronics Industries S.p.A
57,Areva,Areva
58,AREVA STOCKAGE D'ENERGIE,AREVA STOCKAGE D'ENERGIE
59,Arizona Board of Regents on Behalf of Arizona State University,Arizona Board of Regents on Behalf of Arizona State University
60,Arizona Board of Regents,Arizona Board of Regents
61,"Arizona State University (Arizona Board of Regents, a body corporate acting on behalf of Arizona State University)","Arizona State University (Arizona Board of Regents, a body corporate acting on behalf of Arizona State University)"
62,Arkema France,Arkema France
63,Arkema Inc.,Arkema Inc.
64,Armines,Armines
65,"Arthur D. Little, Inc.","Arthur D. Little, Inc."
66,"Asahi Glass Company, Ltd.","Asahi Glass Company, Ltd."
67,ASAHI KASEI CHEMICALS CORPORATION,ASAHI KASEI CHEMICALS CORPORATION
68,ASAHI KASEI KABUSHIKI KAISHA,ASAHI KASEI KABUSHIKI KAISHA
69,Asahi Kasei Kogyo Kabushiki Kaisha,Asahi Kasei Kogyo Kabushiki Kaisha
70,Asahi Kasei E-materials Corporation,Asahi Kasei E-materials Corporation
71,Asea Brown Boveri Ltd.,Asea Brown Boveri Ltd.
72,"Asia Pacific Fuel Cell Technologies, Ltd.","Asia Pacific Fuel Cell Technologies, Ltd."
73,"Associated Universities, Inc.","Associated Universities, Inc."
74,"Atofina Chemicals, Inc.","Atofina Chemicals, Inc."
75,Kabushiki Kaisha Atsumitec,Kabushiki Kaisha Atsumitec
76,Kabushiki Kaisha Asumitec,Kabushiki Kaisha Asumitec
77,Au Optronics Corp.,Au Optronics Corp.
78,Audi AG,Audi AG
79,Austmont S.p.A.,Austmont S.p.A.
80,Ausimont S.p.A.,Ausimont S.p.A.
81,Automobiles Citrogen,Automobiles Citrogen
82,Automobiles Peugeot,Automobiles Peugeot
83,Avertica Inc.,Avertica Inc.
84,Avestor Limited Partnership,Avestor Limited Partnership
85,"Avista Laboratories, Inc.","Avista Laboratories, Inc."
86,Avista Labs,Avista Labs
87,Axiva GmbH,Axiva GmbH
88,"Baiso Co., Ltd.","Baiso Co., Ltd."
89,"Ballard Generation Systems, Inc.","Ballard Generation Systems, Inc."
90,Ballard Material Products Inc.,Ballard Material Products Inc.
91,"Ballard Power Systems, Inc.","Ballard Power Systems, Inc."
92,"Ballard Power System, Inc.","Ballard Power System, Inc."
93,Ballard Powers Systems Inc.,Ballard Powers Systems Inc.
94,BASF Aktiengesellschaft,BASF Aktiengesellschaft
95,BASF Fuel Cell GmbH,BASF Fuel Cell GmbH
96,BASF SE,BASF SE
97,BATHIUM CANADA INC.,BATHIUM CANADA INC.
98,Batscap,Batscap
99,"Battelle Energy Alliance, LLC","Battelle Energy Alliance, LLC"
100,BATTELLE MEMORIAL INSTITUTE,BATTELLE MEMORIAL INSTITUTE
101,"Battery Engineering, Inc.","Battery Engineering, Inc."
102,Bayerische Motoren Werke Aktiengesellschaft,Bayerische Motoren Werke Aktiengesellschaft
103,"BBC Brown, Boveri & Company, Limited","BBC Brown, Boveri & Company, Limited"
104,"BCS Technology, Inc.","BCS Technology, Inc."
105,BDF IP Holdings Ltd.,BDF IP Holdings Ltd.
106,Bechtel Corporation,Bechtel Corporation
107,"BEIJING BOE OPTOELECTRONICS TECHNOLOGY CO., LTD.","BEIJING BOE OPTOELECTRONICS TECHNOLOGY CO., LTD."
108,"BEIJING ZHONGKAIHONGDE TECHNOLOGY CO., LTD","BEIJING ZHONGKAIHONGDE TECHNOLOGY CO., LTD"
109,Belenos Clean Power Holding AG,Belenos Clean Power Holding AG
110,"Bell Communications Research, Inc.","Bell Communications Research, Inc."
111,"Bell Telephone Laboratories, Incorporated","Bell Telephone Laboratories, Incorporated"
112,Ben Gurion University of the Negev Research and Development Authority,Ben Gurion University of the Negev Research and Development Authority
113,Ben Gurion University of the Negev R&D Authority,Ben Gurion University of the Negev R&D Authority
114,Bendix Autolite Corporation,Bendix Autolite Corporation
115,Bettergy Corp.,Bettergy Corp.
116,Between Lizenz GmbH,Between Lizenz GmbH
117,"BG, plc","BG, plc"
118,"BHA Group, Inc.","BHA Group, Inc."
119,Binsmaier nee Gallin-Ast; Hannelore,Binsmaier nee Gallin-Ast; Hannelore
120,BIOENNO TECH LLC,BIOENNO TECH LLC
121,BLOOM ENERGY CORPORATION,BLOOM ENERGY CORPORATION
122,"Blue Current, Inc.","Blue Current, Inc."
123,BLUE SOLUTIONS,BLUE SOLUTIONS
124,Blue Solutions Canada Inc.,Blue Solutions Canada Inc.
125,"The Board of Regents, The University of Texas System","The Board of Regents, The University of Texas System"
126,Board of Trustees of Michigan State University,Board of Trustees of Michigan State University
127,"BOE TECHNOLOGY GROUP CO., LTD.","BOE TECHNOLOGY GROUP CO., LTD."
128,BORSIG Process Heat Exchanger GmbH,BORSIG Process Heat Exchanger GmbH
129,Bose Corporation,Bose Corporation
130,"BPS Co., Ltd","BPS Co., Ltd"
131,Breton SpA,Breton SpA
132,Bridgestone Corporation,Bridgestone Corporation
133,Brigham Young University,Brigham Young University
134,British Nuclear Fuels plc,British Nuclear Fuels plc
135,Brookhaven Science Associates,Brookhaven Science Associates
136,Brother Kogyo Kabushiki Kaisha,Brother Kogyo Kabushiki Kaisha
137,"BTU International, Inc.","BTU International, Inc."
138,BYD COMPANY LIMITED,BYD COMPANY LIMITED
139,C2CNT LLC,C2CNT LLC
140,"C3 International, LLC","C3 International, LLC"
141,Cabot Corporation,Cabot Corporation
142,Caleb Technology Corporation,Caleb Technology Corporation
143,CALIFORNIA INSTITUTE OF TECHNOLOGY,CALIFORNIA INSTITUTE OF TECHNOLOGY
144,Canon Kabushiki Kaisha,Canon Kabushiki Kaisha
145,Carbonxt Group Limited,Carbonxt Group Limited
146,"Cardiac Pacemakers, Inc.","Cardiac Pacemakers, Inc."
147,Carl Freudenberg KG,Carl Freudenberg KG
148,"Carleton Life Support Systems, Inc.","Carleton Life Support Systems, Inc."
149,Case Western Reserve University,Case Western Reserve University
150,Caterpillar Global Mining Europe GmbH,Caterpillar Global Mining Europe GmbH
151,Celanese Ventures GmbH,Celanese Ventures GmbH
152,"Celgard, LLC","Celgard, LLC"
153,"Cellera, Inc.","Cellera, Inc."
154,"CellTech Power, Inc.","CellTech Power, Inc."
155,"Central Glass Company, Ltd.","Central Glass Company, Ltd."
156,Central Research Institute of Electric Power Industry,Central Research Institute of Electric Power Industry
157,Centre National De La Recherche Scientifique,Centre National De La Recherche Scientifique
158,CNRS (CENTRE NATIONAL DE LA RECHERCHE SCIENTIFIQUE),CNRS (CENTRE NATIONAL DE LA RECHERCHE SCIENTIFIQUE)
159,Centre Nationale de la Recherche Scientifique,Centre Nationale de la Recherche Scientifique
160,Centre de la Recherche Scientifique,Centre de la Recherche Scientifique
161,Centre National de la Rechecch Scientifique,Centre National de la Rechecch Scientifique
162,CENTRE NATIONAL DE LA RECHERCHE SCIENTIFIC,CENTRE NATIONAL DE LA RECHERCHE SCIENTIFIC
163,CENTRE NATIONAL DE LA RECHERCHE SCIENTIFIQUE-CNRS-,CENTRE NATIONAL DE LA RECHERCHE SCIENTIFIQUE-CNRS-
164,Centre Nationale de la Recherche,Centre Nationale de la Recherche
165,CRF Societa Consortile per Azioni,CRF Societa Consortile per Azioni
166,CERAM HYD,CERAM HYD
167,"Ceramatec, Inc","Ceramatec, Inc"
168,Ceramic Fuel Cells Limited,Ceramic Fuel Cells Limited
169,Ceres Intellectual Property Company Limited,Ceres Intellectual Property Company Limited
170,CERION LLC,CERION LLC
171,"Cermacell, LLC","Cermacell, LLC"
172,"Cerramatec, Inc.","Cerramatec, Inc."
173,CHANG CHUN PETROCHEMICAL CO. LTD.,CHANG CHUN PETROCHEMICAL CO. LTD.
174,Chang Gung University,Chang Gung University
175,"Changs Ascending Enterprise Co., Ltd.","Changs Ascending Enterprise Co., Ltd."
176,"Changzhou Zhongke Laifang Power Development Co., Ltd.","Changzhou Zhongke Laifang Power Development Co., Ltd."
177,"Cheil Industries, Inc.","Cheil Industries, Inc."
178,Chemergy Ltd.,Chemergy Ltd.
179,"Chevron U.S.A., Inc.","Chevron U.S.A., Inc."
180,Chisso Corporation,Chisso Corporation
181,Chisso Petrochemical Corporation,Chisso Petrochemical Corporation
182,"Chlorine Engineers Corp., Ltd.","Chlorine Engineers Corp., Ltd."
183,"CHONGQING JINKANG NEW ENERGY AUTOMOBILE CO., LTD.","CHONGQING JINKANG NEW ENERGY AUTOMOBILE CO., LTD."
184,Chronar Corp.,Chronar Corp.
185,CIC ENERGIGUNE,CIC ENERGIGUNE
186,"City Labs, Inc.","City Labs, Inc."
187,City Technology Limited,City Technology Limited
188,City University of Hong Kong,City University of Hong Kong
189,CJBD Limited,CJBD Limited
190,Clark Atlanta University,Clark Atlanta University
191,Clarkson University,Clarkson University
192,CLEMSON UNIVERSITY,CLEMSON UNIVERSITY
193,College of William and Mary,College of William and Mary
194,COLORADO SCHOOL OF MINES,COLORADO SCHOOL OF MINES
195,Colorado State University Research Foundation,Colorado State University Research Foundation
196,"Combustion Engineering, Inc.","Combustion Engineering, Inc."
197,Commissariat a l'Engergie Atomique,Commissariat a l'Engergie Atomique
198,Commissariat a l'energie atomique et aux energies alternatives,Commissariat a l'energie atomique et aux energies alternatives
199,Commissariat A'Lenergie Atomique,Commissariat A'Lenergie Atomique
200,COMMISARIAT A L'ENERGIE ATOMIQUE ET AUX ENERGIES ALTERNATIVES,COMMISARIAT A L'ENERGIE ATOMIQUE ET AUX ENERGIES ALTERNATIVES
201,COMMISSARIAT A L'ENERGIE ATOMIQUE ET AUX ENERGIES,COMMISSARIAT A L'ENERGIE ATOMIQUE ET AUX ENERGIES
202,COMMISSARIAT A L'ENERGIE ATOMIQUE ET AUX ENERGIES ALTERNATIVE,COMMISSARIAT A L'ENERGIE ATOMIQUE ET AUX ENERGIES ALTERNATIVE
203,Commissariat a l'Energie Atomique et aux Energies Aternatives,Commissariat a l'Energie Atomique et aux Energies Aternatives
204,Commonwealth Scientific and Industrial Research Organisation,Commonwealth Scientific and Industrial Research Organisation
205,COMPAGNIE GENERALE DES ETABLISSEMENTS MICHELIN,COMPAGNIE GENERALE DES ETABLISSEMENTS MICHELIN
206,Compaq Computer Corporation,Compaq Computer Corporation
207,Comsat Corporation,Comsat Corporation
208,Conservatoire National des Arts et Metiers and Electricite de France (Service National),Conservatoire National des Arts et Metiers and Electricite de France (Service National)
209,Consiglio Nazionale Delle Ricerche,Consiglio Nazionale Delle Ricerche
210,"CONTEMPORARY AMPEREX TECHNOLOGY CO., LIMITED","CONTEMPORARY AMPEREX TECHNOLOGY CO., LIMITED"
211,Continental Automotive GmbH,Continental Automotive GmbH
212,"CoorsTek, INc.","CoorsTek, INc."
213,CORNELL UNIVERSITY,CORNELL UNIVERSITY
214,"Cornerstone Research Group, Inc.","Cornerstone Research Group, Inc."
215,CORNING INCORPORATED,CORNING INCORPORATED
216,Council of Scientific & Industrial Research,Council of Scientific & Industrial Research
217,Covalent Associates Incorporated,Covalent Associates Incorporated
218,"CP SOFC IP, LLC","CP SOFC IP, LLC"
219,CPD INNOVATION,CPD INNOVATION
220,CSTI. COMM. V,CSTI. COMM. V
221,Cummins Enterprise LLC,Cummins Enterprise LLC
222,CYMBET Corporation,CYMBET Corporation
223,"Daihatsu Motor Co., Ltd.","Daihatsu Motor Co., Ltd."
224,"DAIICHI KIGENSO KAGAKU KOGYO CO., LTD.","DAIICHI KIGENSO KAGAKU KOGYO CO., LTD."
225,"Dai-ichi Kogyo Seiyaku Co., Ltd.","Dai-ichi Kogyo Seiyaku Co., Ltd."
226,"Dai-Ichi Kogyo Seigaku Co., Ltd.","Dai-Ichi Kogyo Seigaku Co., Ltd."
227,"Dai-Ichi Kogyo Seiyaki Co., Ltd.","Dai-Ichi Kogyo Seiyaki Co., Ltd."
228,"Daikin Industries, Ltd.","Daikin Industries, Ltd."
229,Daimler AG,Daimler AG
230,Daimler-Benz Aktiengesellschaft,Daimler-Benz Aktiengesellschaft
231,DaimlerChrysler AG,DaimlerChrysler AG
232,"Dainichiseika Color & Chemicals Mfg. Co., Ltd.","Dainichiseika Color & Chemicals Mfg. Co., Ltd."
233,"Dainippon Screen Mfg. Co., Ltd.","Dainippon Screen Mfg. Co., Ltd."
234,Dais Corporation,Dais Corporation
235,"Daiso Co., LTD","Daiso Co., LTD"
236,Danacell ApS,Danacell ApS
237,Danionics A/S,Danionics A/S
238,Danish Power Systems APS,Danish Power Systems APS
239,Danmarks Tekniske Universitet,Danmarks Tekniske Universitet
240,"David Fuel Cell Components, S.L.","David Fuel Cell Components, S.L."
241,"DCH Technology, Inc.","DCH Technology, Inc."
242,Nedarlandse Organisatie voor toegepast-natuurwetenschappelijk onderzoek TNO,Nedarlandse Organisatie voor toegepast-natuurwetenschappelijk onderzoek TNO
243,NEDERLANDSE ORGANISATIE VOOR TOEGEPAST-NATUURWETENSCHAPPELIJK ONDERZOEK TNO,NEDERLANDSE ORGANISATIE VOOR TOEGEPAST-NATUURWETENSCHAPPELIJK ONDERZOEK TNO
244,De Nora Permelec S.p.A.,De Nora Permelec S.p.A.
245,De Nora S.p.A.,De Nora S.p.A.
246,DeNora S.p.A.,DeNora S.p.A.
247,Deakin University,Deakin University
248,Degussa Aktiengesellschaft,Degussa Aktiengesellschaft
249,Degussa-Huls Aktiengesellschaft,Degussa-Huls Aktiengesellschaft
250,"Delphi Technologies, Inc.","Delphi Technologies, Inc."
251,"DEMARAY, LLC","DEMARAY, LLC"
252,Den norske stats ol jeselskap a.s,Den norske stats ol jeselskap a.s
253,Denso Corporation,Denso Corporation
254,Design Technology and Innovation Ltd.,Design Technology and Innovation Ltd.
255,Detroit Center Tool,Detroit Center Tool
256,Deutsches Zentrum fuer Luft -und Raumfahrt e.V.,Deutsches Zentrum fuer Luft -und Raumfahrt e.V.
257,Deutsche Forschungsanstalt fuer Luft- und Raumfahrt e.V.,Deutsche Forschungsanstalt fuer Luft- und Raumfahrt e.V.
258,Diamond Shamrock Chemicals Company,Diamond Shamrock Chemicals Company
259,"Dioxide Materials, Inc.","Dioxide Materials, Inc."
260,DKJ NEW ENERGY S & T CO. LTD.,DKJ NEW ENERGY S & T CO. LTD.
261,dmc,dmc
262,Donaldson & Co.,Donaldson & Co.
263,Donnelly Corporation,Donnelly Corporation
264,DOOSAN CORPORATION,DOOSAN CORPORATION
265,Dornier GmbH,Dornier GmbH
266,"Dow Corning Toray Silicone Co., Ltd.","Dow Corning Toray Silicone Co., Ltd."
267,Dow Global Technologies LLC,Dow Global Technologies LLC
268,"DOWA HOLDINGS CO., LTD.","DOWA HOLDINGS CO., LTD."
269,Dowty Electronic Components Limited,Dowty Electronic Components Limited
270,DR. ING. H.C.F. PORSCHE AG,DR. ING. H.C.F. PORSCHE AG
271,"Dreamweaver International, Inc.","Dreamweaver International, Inc."
272,Drexel University,Drexel University
273,Du Pont-Mitsui Polychemicals Co. Ltd,Du Pont-Mitsui Polychemicals Co. Ltd
274,Duracell International Inc.,Duracell International Inc.
275,DYNANTIS CORPORATION,DYNANTIS CORPORATION
276,Dyson Technology Limited,Dyson Technology Limited
277,E I du Pont de Nemours and Company,E I du Pont de Nemours and Company
278,E.I. du Pont Demours and Company,E.I. du Pont Demours and Company
279,E.C.R. -Electro-Chemical Research Ltd.,E.C.R. -Electro-Chemical Research Ltd.
280,"EAGLEPICHER TECHNOLOGIES, LLC","EAGLEPICHER TECHNOLOGIES, LLC"
281,"EC POWER, LLC","EC POWER, LLC"
282,Edmund David Burke,Edmund David Burke
283,EE Systems Group Inc.,EE Systems Group Inc.
284,EIC Laboratories Inc.,EIC Laboratories Inc.
285,ELBIT SYSTEMS LAND AND C4I LTD,ELBIT SYSTEMS LAND AND C4I LTD
286,Elcogen AS,Elcogen AS
287,elcomax membranes GmbH,elcomax membranes GmbH
288,Electricite De France,Electricite De France
289,Electricite de France - Service National,Electricite de France - Service National
290,"Electrion, Inc.","Electrion, Inc."
291,"ElectroChem, Inc.","ElectroChem, Inc."
292,Electrofuel Inc.,Electrofuel Inc.
293,Electronics and Telecommunications Research Institute,Electronics and Telecommunications Research Institute
294,Electrovaya Inc.,Electrovaya Inc.
295,"Elf Atochem North America, Inc.","Elf Atochem North America, Inc."
296,ELRINGKLINGER AG,ELRINGKLINGER AG
297,"Eltron Research, Inc.","Eltron Research, Inc."
298,Emitec Gesellschaft fuer Emissionstechnologie mbH,Emitec Gesellschaft fuer Emissionstechnologie mbH
299,EMPIRE TECHNOLOGY DEVELOPMENT LLC,EMPIRE TECHNOLOGY DEVELOPMENT LLC
300,"Encite, LLC","Encite, LLC"
301,ENER1 Battery Company,ENER1 Battery Company
302,"Enerdel, Inc.","Enerdel, Inc."
303,"Energy Partners, L.C.","Energy Partners, L.C."
304,Energy Research Corporation,Energy Research Corporation
305,Enerize Corporation,Enerize Corporation
306,"Enerland Co., Ltd.","Enerland Co., Ltd."
307,ENEVATE CORPORATION,ENEVATE CORPORATION
308,Engelhard Minerals & Chemicals Corporation,Engelhard Minerals & Chemicals Corporation
309,Eniricerche S.p.A.,Eniricerche S.p.A.
310,Eniricherche S.p.A.,Eniricherche S.p.A.
311,Enlighten Innovations Inc.,Enlighten Innovations Inc.
312,Enocell Limited,Enocell Limited
313,ENOVIX CORPORATION,ENOVIX CORPORATION
314,"Entegris, Inc.","Entegris, Inc."
315,Envision AESC Energy Devices Ltd.,Envision AESC Energy Devices Ltd.
316,Eras-Labo,Eras-Labo
317,eSionic Corp.,eSionic Corp.
318,"eSionic ES, Inc.","eSionic ES, Inc."
319,"Eskra Technical Products, Inc.","Eskra Technical Products, Inc."
320,"Evans Cooling Systems, Inc.","Evans Cooling Systems, Inc."
321,Eveready Battery Company,Eveready Battery Company
322,EVONIK DEGUSSA GmbH,EVONIK DEGUSSA GmbH
323,Evoqua Water Technologies LLC,Evoqua Water Technologies LLC
324,"Excellatron Solid State, LLC","Excellatron Solid State, LLC"
325,Exxon Research and Engineering Co.,Exxon Research and Engineering Co.
326,"Faith Technologies, Inc.","Faith Technologies, Inc."
327,"Faraday Technology, Inc.","Faraday Technology, Inc."
328,"FCET, Inc.","FCET, Inc."
329,FDK Corporation,FDK Corporation
330,"Field Upgrading USA, Inc.","Field Upgrading USA, Inc."
331,Finmeccanica S.p.A. Azienda Ansaldo,Finmeccanica S.p.A. Azienda Ansaldo
332,Firma Carl Freudenberg,Firma Carl Freudenberg
333,"THE FLORIDA STATE UNIVERSITY RESEARCH FOUNDATION, INC.","THE FLORIDA STATE UNIVERSITY RESEARCH FOUNDATION, INC."
334,"Fluidic, Inc.","Fluidic, Inc."
335,FM LAB,FM LAB
336,FMC Corporation,FMC Corporation
337,"Ford Global Technologies, Inc.","Ford Global Technologies, Inc."
338,Ford Motor Company,Ford Motor Company
339,"FORM ENERGY, INC.","FORM ENERGY, INC."
340,Forschungszentrum Julich GmbH,Forschungszentrum Julich GmbH
341,Forschungszeutrum Julich GmbH,Forschungszeutrum Julich GmbH
342,FORSCHUNGSZENTRUM JUELICH GMBH,FORSCHUNGSZENTRUM JUELICH GMBH
343,FORSCHUNGZENTRUM JUELICH GMBH,FORSCHUNGZENTRUM JUELICH GMBH
344,Forshungszentrum JUlich GbmH,Forshungszentrum JUlich GbmH
345,"Foster-Miller, Inc.","Foster-Miller, Inc."
346,Fraunhofer-Gesellschaft zur Foerderung der Angewandten Forschung E.V.,Fraunhofer-Gesellschaft zur Foerderung der Angewandten Forschung E.V.
347,Fraunhofer-Gesellschaft zur Forderung der Angewandten Forschung E.V.,Fraunhofer-Gesellschaft zur Forderung der Angewandten Forschung E.V.
348,Fraunhofer Gesellschaft zur Forderung der angewandten Forschund e.v.,Fraunhofer Gesellschaft zur Forderung der angewandten Forschund e.v.
349,Fraunhofer-Gesellschaft Zur Foerderung der Angewandten,Fraunhofer-Gesellschaft Zur Foerderung der Angewandten
350,PRAUNHOFER-GESELLSCHAFT ZUR FOERDERUNG DER ANGEWANDTEN FORSCHUNG,PRAUNHOFER-GESELLSCHAFT ZUR FOERDERUNG DER ANGEWANDTEN FORSCHUNG
351,Front Edge Technology Inc.,Front Edge Technology Inc.
352,"Fucellco, Incorporated","Fucellco, Incorporated"
353,"Fuelcell Energy, Ltd.","Fuelcell Energy, Ltd."
354,"Fuji Electric Co., Ltd.","Fuji Electric Co., Ltd."
355,Fuji Jukogyo Kabushiki Kaisya,Fuji Jukogyo Kabushiki Kaisya
356,"Fuji Photo Film Co., Ltd.","Fuji Photo Film Co., Ltd."
357,FUJIFILM Business Innovation Corp.,FUJIFILM Business Innovation Corp.
358,FUJIFILM Corporation,FUJIFILM Corporation
359,Fujifilm Manufacturing Europe BV,Fujifilm Manufacturing Europe BV
360,Fujifilm Manufacturing Europe B.V.,Fujifilm Manufacturing Europe B.V.
361,FUJIFILM Wako Pure Chemical Corporation,FUJIFILM Wako Pure Chemical Corporation
362,FUJITSU LIMITED,FUJITSU LIMITED
363,FuMA-Tech Gesellschaft fur funktionelle Membranen und Anlagentechnologie mbH,FuMA-Tech Gesellschaft fur funktionelle Membranen und Anlagentechnologie mbH
364,FUNDACION CENTRO DE INVESTIGACION COOPERATIVA DE ENERGIAS ALTERNATIV AS CIC ENERGIGUNE FUNDAZIOA,FUNDACION CENTRO DE INVESTIGACION COOPERATIVA DE ENERGIAS ALTERNATIV AS CIC ENERGIGUNE FUNDAZIOA
365,FUNDACION CENTRO DE INVESTIGACION COOPERATIVA DE ENERGIAS ALTERNATIVAS CIC ENERGIGUNE FUNDAZIOA,FUNDACION CENTRO DE INVESTIGACION COOPERATIVA DE ENERGIAS ALTERNATIVAS CIC ENERGIGUNE FUNDAZIOA
366,"FURUKAWA ELECTRIC CO., LTD.","FURUKAWA ELECTRIC CO., LTD."
367,FUTAMURA KAGAKU KABUSHIKI KAISHA,FUTAMURA KAGAKU KABUSHIKI KAISHA
368,G. CONCEPT TECHNOLOGY LTD.,G. CONCEPT TECHNOLOGY LTD.
369,G6 Materials Corp.,G6 Materials Corp.
370,GACHON UNIVERSITY OF INDUSTRYACADEMIC COOPERATION FOUNDATION,GACHON UNIVERSITY OF INDUSTRY—ACADEMIC COOPERATION FOUNDATION
371,Gaftech Inc.,Gaftech Inc.
372,Garching Instrumente,Garching Instrumente
373,Garmor Inc.,Garmor Inc.
374,"Gas Research Institute, Inc.","Gas Research Institute, Inc."
375,Gas Technology Institute,Gas Technology Institute
376,"GEL, Inc.","GEL, Inc."
377,Gelion Technologies Pty Ltd,Gelion Technologies Pty Ltd
378,GENERAL ELECTRIC COMPANY,GENERAL ELECTRIC COMPANY
379,General Motors Corporation,General Motors Corporation
380,"Genesis Research Institute, Inc.","Genesis Research Institute, Inc."
381,Georgia Institute of Technology,Georgia Institute of Technology
382,Georgia Tech Research Corporation,Georgia Tech Research Corporation
383,"Giner Electrochemical Systems, LLC","Giner Electrochemical Systems, LLC"
384,"GINER, INC.","GINER, INC."
385,GKSS-Forschungszentrum Geesthacht GmbH,GKSS-Forschungszentrum Geesthacht GmbH
386,GLOBAL FRONTIER CENTER FOR MULTISCALE ENERGY SYSTEMS,GLOBAL FRONTIER CENTER FOR MULTISCALE ENERGY SYSTEMS
387,"Global Graphene Group, Inc.","Global Graphene Group, Inc."
388,GM GLOBAL TECHNOLOGY OPERATIONS LLC,GM GLOBAL TECHNOLOGY OPERATIONS LLC
389,"Golden Energy Fuel Cell Co., Ltd.","Golden Energy Fuel Cell Co., Ltd."
390,GOOGLE LLC,GOOGLE LLC
391,"Gore Enterprise Holdings, Inc.","Gore Enterprise Holdings, Inc."
392,"Gotion, Inc.","Gotion, Inc."
393,Gould Electronics Limited,Gould Electronics Limited
394,Gould Inc.,Gould Inc.
395,GraftTech Inc.,GraftTech Inc.
396,Greatbatch Ltd.,Greatbatch Ltd.
397,GRU ENERGY LAB INC.,GRU ENERGY LAB INC.
398,GS ENERGY CORPORATION,GS ENERGY CORPORATION
399,GS Yuasa Corporation,GS Yuasa Corporation
400,"GUALA TECHNOLOGY CO., LTD.","GUALA TECHNOLOGY CO., LTD."
401,"GUANGZHOU INSTITUTE OF ENERGY CONVERSION, CHINESE ACADEMY OF SCIENCES","GUANGZHOU INSTITUTE OF ENERGY CONVERSION, CHINESE ACADEMY OF SCIENCES"
402,GWANGJU INSTITUTE OF SCIENCE AND TECHNOLOGY,GWANGJU INSTITUTE OF SCIENCE AND TECHNOLOGY
403,H-Power Corporation,H-Power Corporation
404,H.C. Starck GmbH,H.C. Starck GmbH
405,H.E.F.,H.E.F.
406,Haldor Topsoe A/S,Haldor Topsoe A/S
407,"Halliburton Energy Services, INC.","Halliburton Energy Services, INC."
408,HAMILTON SUNSTRAND CORPORATION,HAMILTON SUNSTRAND CORPORATION
409,Hannelore Binsmaier Nee Gallin-Ast,Hannelore Binsmaier Nee Gallin-Ast
410,"Hanyang Hak Won Co., Ltd.","Hanyang Hak Won Co., Ltd."
411,"Hanyank Hak Won Co., Ltd.","Hanyank Hak Won Co., Ltd."
412,Harris Corporation,Harris Corporation
413,HAZER GROUP LTD,HAZER GROUP LTD
414,Heliocentris Energiesysteme GmbH,Heliocentris Energiesysteme GmbH
415,Her Majesty the Queen as represented by the Minister of National Defence of Her Majesty's Canadian Government,Her Majesty the Queen as represented by the Minister of National Defence of Her Majesty's Canadian Government
416,"Her Majesty the Queen in right of Canada, as represented by the Minister of National Defence","Her Majesty the Queen in right of Canada, as represented by the Minister of National Defence"
417,"Hewlett-Packard Development Company, L.P.","Hewlett-Packard Development Company, L.P."
418,Hexis AG,Hexis AG
419,HiFunda LLC,HiFunda LLC
420,"Hitachi Chemical Co., Ltd.","Hitachi Chemical Co., Ltd."
421,"Hitachi Maxell, Ltd.","Hitachi Maxell, Ltd."
422,"Hitachi Powdered Metals Co., Ltd.","Hitachi Powdered Metals Co., Ltd."
423,HITACHI ZOSEN CORPORATION,HITACHI ZOSEN CORPORATION
424,"Hitachi, Ltd","Hitachi, Ltd"
425,Hoechst Aktiengesellschaft,Hoechst Aktiengesellschaft
426,"Hoechst Research & Technology Deutschland GmbH & Co., KG","Hoechst Research & Technology Deutschland GmbH & Co., KG"
427,"Hoku Scientific, Inc. - A Delaware Corp.","Hoku Scientific, Inc. - A Delaware Corp."
428,"HON HAI PRECISION INDUSTRY CO., LTD.","HON HAI PRECISION INDUSTRY CO., LTD."
429,Honda Giken Kogyo Kabushiki Kaisha,Honda Giken Kogyo Kabushiki Kaisha
430,Honda Giken Kabushiki Kaisha,Honda Giken Kabushiki Kaisha
431,"Honda Motor Co., Ltd.","Honda Motor Co., Ltd."
432,Honeywell International Inc.,Honeywell International Inc.
433,"HRL Laboratories, LLC","HRL Laboratories, LLC"
434,HTCERAMIX S.A.,HTCERAMIX S.A.
435,Humboldt State University Foundation,Humboldt State University Foundation
436,"Hunan Sanfeng Vanadium Industry Co., Ltd.","Hunan Sanfeng Vanadium Industry Co., Ltd."
437,Huntsman International LLC,Huntsman International LLC
438,"Hybrid Power Generation Systems, LLC","Hybrid Power Generation Systems, LLC"
439,"Hybrid Power Generation System, LLC","Hybrid Power Generation System, LLC"
440,"Hydrogen Burner Technology, Inc.","Hydrogen Burner Technology, Inc."
441,HYDROGENICS CORPORATION,HYDROGENICS CORPORATION
442,Hydro-Quebec,Hydro-Quebec
443,"HyEnergy Systems, Inc.","HyEnergy Systems, Inc."
444,"Hyundai Electric & Energy Systems Co., Ltd.","Hyundai Electric & Energy Systems Co., Ltd."
445,HYUNDAI MOTOR COMPANY,HYUNDAI MOTOR COMPANY
446,"Idemitsu Kosan Co., Ltd","Idemitsu Kosan Co., Ltd"
447,"IGR Enterprises, Inc.","IGR Enterprises, Inc."
448,Ilika Technologies Limited,Ilika Technologies Limited
449,"ILJIN MATERIALS CO., LTD.","ILJIN MATERIALS CO., LTD."
450,Illinois Institute of Technology,Illinois Institute of Technology
451,IMEC VZW,IMEC VZW
452,Imperial Chemical Industries PLC,Imperial Chemical Industries PLC
453,"IMPRINT ENERGY, INC.","IMPRINT ENERGY, INC."
454,Indian Institute of Technology Bombay,Indian Institute of Technology Bombay
455,INDIAN INSTITUTE OF TECHNOLOGY MADRAS,INDIAN INSTITUTE OF TECHNOLOGY MADRAS
456,Indiana University Research and Technology Corporation,Indiana University Research and Technology Corporation
457,INDUSTRIAL TECHNOLOGY RESEARCH INSTITUTE,INDUSTRIAL TECHNOLOGY RESEARCH INSTITUTE
458,Industry Foundation of Chonnam National University,Industry Foundation of Chonnam National University
459,INDUSTRY-UNIVERSITY COOPERATION FOUNDATION HANYANG UNIVERSITY,INDUSTRY-UNIVERSITY COOPERATION FOUNDATION HANYANG UNIVERSITY
460,Hanyang University Cooperation Foundation Hanyang University,Hanyang University Cooperation Foundation Hanyang University
461,IUCF-HYU (Industry-University Cooperation Foundation Hanyang University),IUCF-HYU (Industry-University Cooperation Foundation Hanyang University)
462,Industry-University Cooperation Foundation Sogang University,Industry-University Cooperation Foundation Sogang University
463,INFINEON TECHNOLOGIES AG,INFINEON TECHNOLOGIES AG
464,Infineon Technologies Dresden GmbH & Co. KG,Infineon Technologies Dresden GmbH & Co. KG
465,"Infinite Power Solutions, Inc.","Infinite Power Solutions, Inc."
466,"Inifinite Power Solutions, Inc.","Inifinite Power Solutions, Inc."
467,Institut Francais du Petrole,Institut Francais du Petrole
468,INSTITUT NATIONAL DES SCIENCES APPLIQUEES,INSTITUT NATIONAL DES SCIENCES APPLIQUEES
469,Institut National Polytechnique de Grenoble,Institut National Polytechnique de Grenoble
470,INSTITUT POLYTECHNIQUE DE GRENOBLE,INSTITUT POLYTECHNIQUE DE GRENOBLE
471,INSTITUT POLYTECHNIQUE DE BORDEAUX,INSTITUT POLYTECHNIQUE DE BORDEAUX
472,Institute of Chemical Technology,Institute of Chemical Technology
473,Institute of Gas Technology,Institute of Gas Technology
474,"INSTITUTE OF NATIONAL COLLEGES OF TECHNOLOGY, JAPAN","INSTITUTE OF NATIONAL COLLEGES OF TECHNOLOGY, JAPAN"
475,"INSTITUTE OF NUCLEAR ENERGY RESEARCH , ATOMIC ENERGY COUNCIL, EXECUTIVE YUAN, R.O.C.","INSTITUTE OF NUCLEAR ENERGY RESEARCH , ATOMIC ENERGY COUNCIL, EXECUTIVE YUAN, R.O.C."
476,"INSTITUTE OF NUCLEAR ENERGY RESEARCH ATOMIC ENERGY COUNCIL, EXECUTIVE YUAN","INSTITUTE OF NUCLEAR ENERGY RESEARCH ATOMIC ENERGY COUNCIL, EXECUTIVE YUAN"
477,Institute of Organic Chemistry National Academy of Sciences of Ukraine,Institute of Organic Chemistry National Academy of Sciences of Ukraine
478,"INSTITUTE OF PROCESS ENGINEERING, CHINESE ACADEMY OF SCIENCES","INSTITUTE OF PROCESS ENGINEERING, CHINESE ACADEMY OF SCIENCES"
479,"INSTITUTE OF SYSTEMS, INFORMATION TECHNOLOGIES AND NANOTECHNOLOGIES","INSTITUTE OF SYSTEMS, INFORMATION TECHNOLOGIES AND NANOTECHNOLOGIES"
480,"Integrated Fuel Cell Technologies, Inc.","Integrated Fuel Cell Technologies, Inc."
481,Intel Corporation,Intel Corporation
482,"INTELLECTUAL DISCOVERY CO., LTD.","INTELLECTUAL DISCOVERY CO., LTD."
483,Intelligent Energy Limited,Intelligent Energy Limited
484,Intematix Corporation,Intematix Corporation
485,Interatom GMBH,Interatom GMBH
486,"Intermolecular, Inc.","Intermolecular, Inc."
487,INTERNATIONAL BUSINESS MACHINES CORPORATION,INTERNATIONAL BUSINESS MACHINES CORPORATION
488,"International Fuel Cells, L.L.C.","International Fuel Cells, L.L.C."
489,"Interstellar Solid-State Li-ion Batteries Technology (Chengdu) Co., Ltd.","Interstellar Solid-State Li-ion Batteries Technology (Chengdu) Co., Ltd."
490,"Inventus Power, Inc.","Inventus Power, Inc."
491,ION America Corporation,ION America Corporation
492,"Ionic Materials, Inc.","Ionic Materials, Inc."
493,"Iowa State University Research Foundation, Inc.","Iowa State University Research Foundation, Inc."
494,IRD Fuel Cell A/S,IRD Fuel Cell A/S
495,"Ishikawajima-Harima Heavy Industries Co., Ltd.","Ishikawajima-Harima Heavy Industries Co., Ltd."
496,I-TEN,I-TEN
497,l-TEN,l-TEN
498,ITM Power Ltd.,ITM Power Ltd.
499,ITN Energy Systems. Inc.,ITN Energy Systems. Inc.
500,Itochu Corporation,Itochu Corporation
501,JAPAN ADVANCED INSTITUTE OF SCIENCE AND TECHNOLOGY,JAPAN ADVANCED INSTITUTE OF SCIENCE AND TECHNOLOGY
502,JAPAN AEROSPACE EXPLORATION AGENCY,JAPAN AEROSPACE EXPLORATION AGENCY
503,JAPAN ATOMIC ENERGY AGENCY,JAPAN ATOMIC ENERGY AGENCY
504,Japan Atomic Energy Research Institute,Japan Atomic Energy Research Institute
505,"Japan Exlan Company, Ltd.","Japan Exlan Company, Ltd."
506,Japan Fine Ceramics Center,Japan Fine Ceramics Center
507,Japan Gore-Tex Inc.,Japan Gore-Tex Inc.
508,Japan Science and Technology Agency,Japan Science and Technology Agency
509,"The Japan Storage Battery Co., Ltd.","The Japan Storage Battery Co., Ltd."
510,"Japan Vilene Company, Ltd.","Japan Vilene Company, Ltd."
511,"Jenax, Inc.","Jenax, Inc."
512,JFE Steel Corporation,JFE Steel Corporation
513,"J-INNOTECH CO., LTD","J-INNOTECH CO., LTD"
514,The Johns Hopkins University,The Johns Hopkins University
515,Johns Manville,Johns Manville
516,"Johnson & Johnson Vision Care, Inc.","Johnson & Johnson Vision Care, Inc."
517,"Johnson Battery Technologies, Inc.","Johnson Battery Technologies, Inc."
518,Johnson Controls Technology Company,Johnson Controls Technology Company
519,"JOHNSON IP HOLDING, LLC","JOHNSON IP HOLDING, LLC"
520,Johnson Matthey Fuel Cells Limited,Johnson Matthey Fuel Cells Limited
521,JOHNSON MATTHEY PUBLIC LIMITED COMPANY,JOHNSON MATTHEY PUBLIC LIMITED COMPANY
522,Johnson Matthey PLC,Johnson Matthey PLC
523,"Johnson Research & Development Co., Inc.","Johnson Research & Development Co., Inc."
524,JSR CORPORATION,JSR CORPORATION
525,JX Nippon Mining & Metals Corporation,JX Nippon Mining & Metals Corporation
526,Kabushikikaisha Equos Research,Kabushikikaisha Equos Research
527,Kabushikikaisha Eqous Research,Kabushikikaisha Eqous Research
528,Kabushiki Kaisha Meidensha,Kabushiki Kaisha Meidensha
529,Kabushiki Kaisha Nihon Micronics,Kabushiki Kaisha Nihon Micronics
530,"Ohara, Inc.","Ohara, Inc."
531,KABUSHIKI KAISHA SENRYOU,KABUSHIKI KAISHA SENRYOU
532,KABUSHIKI KAISHA TOSHIBA,KABUSHIKI KAISHA TOSHIBA
533,KABUSHIKI KAISHA TOYOTA CHUO KENKYUSHO,KABUSHIKI KAISHA TOYOTA CHUO KENKYUSHO
534,KABUSHIKI KAISHA TOYOTA JIDOSHOKKI,KABUSHIKI KAISHA TOYOTA JIDOSHOKKI
535,KANEKA CORPORATION,KANEKA CORPORATION
536,"KANSAI PAINT CO., LTD.","KANSAI PAINT CO., LTD."
537,"Kanto Denka Kogyo Co., Ltd.","Kanto Denka Kogyo Co., Ltd."
538,KARLSRUHE INSTITUTE OF TECHNOLOGY,KARLSRUHE INSTITUTE OF TECHNOLOGY
539,"Katholieke Universiteit Leuven, KU Leuven R&D","Katholieke Universiteit Leuven, KU Leuven R&D"
540,Kawabi & Associates,Kawabi & Associates
541,"Kawada Industries, Inc.","Kawada Industries, Inc."
542,KAWASAKAI JUKOGYO KABUSHIKI KAISHA,KAWASAKAI JUKOGYO KABUSHIKI KAISHA
543,"KCERACELL CO., LTD.","KCERACELL CO., LTD."
544,"KCF TECHNOLOGIES CO., LTD.","KCF TECHNOLOGIES CO., LTD."
545,"KERACEL, INC.","KERACEL, INC."
546,Kernforschungszentrum Julich GmbH,Kernforschungszentrum Julich GmbH
547,Kerr-McGee Corporation,Kerr-McGee Corporation
548,KIA MOTORS CORPORATION,KIA MOTORS CORPORATION
549,King Fahd University of Petroleum and Minerals,King Fahd University of Petroleum and Minerals
550,"KOBELCO RESEARCH INSTITUTE, INC.","KOBELCO RESEARCH INSTITUTE, INC."
551,"Kokam Engineering Co., Ltd.","Kokam Engineering Co., Ltd."
552,"KOLON INDUSTRIES, INC.","KOLON INDUSTRIES, INC."
553,"Konica Minolta Holdings, Inc.","Konica Minolta Holdings, Inc."
554,Koninklijke Philips Electronics N.V.,Koninklijke Philips Electronics N.V.
555,KOREA ADVANCED INSTITUTE OF SCIENCE AND TECHNOLOGY,KOREA ADVANCED INSTITUTE OF SCIENCE AND TECHNOLOGY
556,Korea Chungang Educational Foundation,Korea Chungang Educational Foundation
557,Korea Electronics Technology Institute,Korea Electronics Technology Institute
558,KOREA INSTITUTE OF ENERGY RESEARCH,KOREA INSTITUTE OF ENERGY RESEARCH
559,KOEA INSTITUTE OF ENERGY RESEARCH,KOEA INSTITUTE OF ENERGY RESEARCH
560,KOREA INSTITUTE OF INDUSTRIAL TECHNOLOGY,KOREA INSTITUTE OF INDUSTRIAL TECHNOLOGY
561,Korea Institute of Ocean Science & Technology,Korea Institute of Ocean Science & Technology
562,KOREA INSTITUTE OF SCIENCE AND TECHNOLOGY,KOREA INSTITUTE OF SCIENCE AND TECHNOLOGY
563,Korea Institute of Science and Technologies,Korea Institute of Science and Technologies
564,Korean Institute of Science and Technology,Korean Institute of Science and Technology
565,"Korea Kumho Petrochemical Co., Ltd.","Korea Kumho Petrochemical Co., Ltd."
566,KOREA RESEARCH INSTITUTE OF CHEMICAL TECHNOLOGY,KOREA RESEARCH INSTITUTE OF CHEMICAL TECHNOLOGY
567,Korea Research Institute,Korea Research Institute
568,KOREA UNIVERSITY RESEARCH AND BUSINESS FOUNDATION,KOREA UNIVERSITY RESEARCH AND BUSINESS FOUNDATION
569,"KT Holdings, LLC","KT Holdings, LLC"
570,Kuan-Jiuh Lin,Kuan-Jiuh Lin
571,"KURARAY CO., LTD.","KURARAY CO., LTD."
572,KUREHA CORPORATION,KUREHA CORPORATION
573,Kureha Kagaku Kogyo Kabushiki Kaisha,Kureha Kagaku Kogyo Kabushiki Kaisha
574,Kureha Kaguka Kogyo Kabushiki Kaisha,Kureha Kaguka Kogyo Kabushiki Kaisha
575,Kyocera Corporation,Kyocera Corporation
576,"KYOHO MACHINE WORKS, LTD.","KYOHO MACHINE WORKS, LTD."
577,KYOTO UNIVERSITY,KYOTO UNIVERSITY
578,"Kyushu University, National University Corporation","Kyushu University, National University Corporation"
579,LABORATORIO NACIONAL DE ENERGIA E GEOLOGIA,LABORATORIO NACIONAL DE ENERGIA E GEOLOGIA
580,LNEG-LABORATORIO NACIONAL DE ENEGIA E GEOLOGIA,LNEG-LABORATORIO NACIONAL DE ENEGIA E GEOLOGIA
581,L'Air Liquide - Societe Anonyme a Directoire et Conseil de Surveillance pour l'Etude et l'Exploitation des Procedes Georges Claude,L'Air Liquide - Societe Anonyme a Directoire et Conseil de Surveillance pour l'Etude et l'Exploitation des Procedes Georges Claude
582,LANXESS DEUTSCHLAND GMBH,LANXESS DEUTSCHLAND GMBH
583,"Lawrence Livermore National Security, LLC","Lawrence Livermore National Security, LLC"
584,Le Carbone Lorraine,Le Carbone Lorraine
585,Leeds Lithium Power Limited,Leeds Lithium Power Limited
586,LEIBNIZ-INSTITUT FUER FESTKOERPER-UND WERKSTOFFFORSCHUNG DRESDEN E.V.,LEIBNIZ-INSTITUT FUER FESTKOERPER-UND WERKSTOFFFORSCHUNG DRESDEN E.V.
587,Leibniz-Institut fuer Polymerforschung Dresden E.V.,Leibniz-Institut fuer Polymerforschung Dresden E.V.
588,Lenovo (Singapore) Pte. Ltd.,Lenovo (Singapore) Pte. Ltd.
589,L'Etat Francais represente par le Delegue General pour l'Armement,L'Etat Francais represente par le Delegue General pour l'Armement
590,LG CHEM. LTD.,LG CHEM. LTD.
591,"LG Chemical Co., Ltd.","LG Chemical Co., Ltd."
592,"LG Fuel Cell Systems, Inc.","LG Fuel Cell Systems, Inc."
593,LGZ Landis & Gyr Zug A.G.,LGZ Landis & Gyr Zug A.G.
594,"Lilliputian Systems, Inc.","Lilliputian Systems, Inc."
595,LINTEC CORPORATION,LINTEC CORPORATION
596,"Liox Power, Inc.","Liox Power, Inc."
597,Lithdyne International,Lithdyne International
598,"Lithium Power Technologies, Inc.","Lithium Power Technologies, Inc."
599,Lithium Technology Corporation,Lithium Technology Corporation
600,"Litton Systems, Inc.","Litton Systems, Inc."
601,"Lockheed Martin Advanced Energy Storage, LLC","Lockheed Martin Advanced Energy Storage, LLC"
602,Lockheed Martin Corporation,Lockheed Martin Corporation
603,Lockheed Martin Energy Research Corporation,Lockheed Martin Energy Research Corporation
604,"Lockheed Martin Energy, LLC","Lockheed Martin Energy, LLC"
605,Lockheed Idaho Technologies Company,Lockheed Idaho Technologies Company
606,"Los Alamos National Security, LLC","Los Alamos National Security, LLC"
607,Loughborough University of Technology,Loughborough University of Technology
608,Low Emission Resources Corporation,Low Emission Resources Corporation
609,"Lubrizol Advanced Materials, Inc.","Lubrizol Advanced Materials, Inc."
610,"LUNATECH, LLC","LUNATECH, LLC"
611,UNIVESITE D'AIX-MARSEILLE,UNIVESITE D'AIX-MARSEILLE
612,UNIVERSITE DE CERGY PONTOISE,UNIVERSITE DE CERGY PONTOISE
613,UNIVERSITE DE VERSAILLES SAINT QUENTIN EN YVELINES,UNIVERSITE DE VERSAILLES SAINT QUENTIN EN YVELINES
614,"Lynntech Power Systems, Ltd.","Lynntech Power Systems, Ltd."
615,"Lynntech, Inc.","Lynntech, Inc."
616,"LytEn, Inc.","LytEn, Inc."
617,MAGNA STEYR Fahrzeugtechnik AG & Co KG,MAGNA STEYR Fahrzeugtechnik AG & Co KG
618,Magnet-Motor Gesellschaft fUr magnetmotorische Technik mbH,Magnet-Motor Gesellschaft fUr magnetmotorische Technik mbH
619,Mamoru Baba,Mamoru Baba
620,"Manhattan Scientifics, Inc.","Manhattan Scientifics, Inc."
621,Mannesmann AG,Mannesmann AG
622,Marelli Corporation,Marelli Corporation
623,"Martin Marietta Energy Systems, Inc.","Martin Marietta Energy Systems, Inc."
624,Marvick FuelCells Ltd.,Marvick FuelCells Ltd.
625,Masahiro Tatsumisago,Masahiro Tatsumisago
626,Masahiro Watanabe,Masahiro Watanabe
627,MASSACHUSETTS INSTITUTE OF TECHNOLOGY,MASSACHUSETTS INSTITUTE OF TECHNOLOGY
628,MASSACHUSETTES INSTITUTE OF TECHNOLOGY,MASSACHUSETTES INSTITUTE OF TECHNOLOGY
629,Materials and Separation Technology International Limited,Materials and Separation Technology International Limited
630,"Matsushita Electric Industrial Co., Ltd.","Matsushita Electric Industrial Co., Ltd."
631,"Matshushita Electric Industrial Co., Ltd.","Matshushita Electric Industrial Co., Ltd."
632,"Matushita Electric Industrial Co., Ltd.","Matushita Electric Industrial Co., Ltd."
633,"Matsushita Electric Works, Ltd.","Matsushita Electric Works, Ltd."
634,Max-Planck-Gesellschaft zur Foerderung der Wissenschaften e.V.,Max-Planck-Gesellschaft zur Foerderung der Wissenschaften e.V.
635,Mazda Motor Corporation,Mazda Motor Corporation
636,MB-80 Energy Corporation,MB-80 Energy Corporation
637,McMaster University,McMaster University
638,"Medtronic, Inc.","Medtronic, Inc."
639,MEDTRUM TECHNOLOGIES INC.,MEDTRUM TECHNOLOGIES INC.
640,Merck Patent Gesellschaft Mit BeschrAnkter Haftung,Merck Patent Gesellschaft Mit BeschrAnkter Haftung
641,Merck Patent GmbH,Merck Patent GmbH
642,MHB Joint Venture,MHB Joint Venture
643,Michael Wang,Michael Wang
644,MICHELIN RECHERCHE ET TECHNIQUE S.A.,MICHELIN RECHERCHE ET TECHNIQUE S.A.
645,Michigan State University,Michigan State University
646,"MICO CO., LTD.","MICO CO., LTD."
647,Microbatterie GmbH,Microbatterie GmbH
648,Microcell Corporation,Microcell Corporation
649,"MicroCoating Technologies, Inc.","MicroCoating Technologies, Inc."
650,"Micron Semiconductor, Inc.","Micron Semiconductor, Inc."
651,Micronas GmbH,Micronas GmbH
652,"Microvast Power Systems Co., Ltd.","Microvast Power Systems Co., Ltd."
653,Midwest Research Institute,Midwest Research Institute
654,Mie Industry and Enterprise Support Center,Mie Industry and Enterprise Support Center
655,MIE UNIVERSITY,MIE UNIVERSITY
656,"Millibatt, Inc.","Millibatt, Inc."
657,Minnesota Mining and Manufacturing,Minnesota Mining and Manufacturing
658,Minolta Camera Kabushiki Kaisha,Minolta Camera Kabushiki Kaisha
659,"Mistubishi Petrochemical Co., Ltd.","Mistubishi Petrochemical Co., Ltd."
660,"Mitsubishi Cable Industries, Ltd.","Mitsubishi Cable Industries, Ltd."
661,Mitsubishi Chemical Corporation,Mitsubishi Chemical Corporation
662,Mitsubishi Denki Kabushiki Kaisha,Mitsubishi Denki Kabushiki Kaisha
663,"MITSUBISHI GAS CHEMICAL COMPANY, INC.","MITSUBISHI GAS CHEMICAL COMPANY, INC."
664,"Mitsubishi Heavy Industries, Ltd.","Mitsubishi Heavy Industries, Ltd."
665,"MITSUBISHI HITACHI POWER SYSTEMS, LTD.","MITSUBISHI HITACHI POWER SYSTEMS, LTD."
666,Mitsubishi Jukogyo Kabushiki Kaisha,Mitsubishi Jukogyo Kabushiki Kaisha
667,Mitsubishi Kasei Corporation,Mitsubishi Kasei Corporation
668,Mitsubishi Materials Corporation,Mitsubishi Materials Corporation
669,Mitsubishi Paper Mills Limited,Mitsubishi Paper Mills Limited
670,"Mitsubishi Petrochemical Co., Ltd.","Mitsubishi Petrochemical Co., Ltd."
671,"Mitsubishi Plastics, Inc.","Mitsubishi Plastics, Inc."
672,"Mitsubishi Rayon Co., Ltd.","Mitsubishi Rayon Co., Ltd."
673,"Mitsui & Co., Ltd.","Mitsui & Co., Ltd."
674,"MITSUI CHEMICALS, INC.","MITSUI CHEMICALS, INC."
675,"MITSUI MINING & SMELTING CO., LTD.","MITSUI MINING & SMELTING CO., LTD."
676,"Mitsui Petrochemical Industries, Ltd","Mitsui Petrochemical Industries, Ltd"
677,Mobil Oil Corporation,Mobil Oil Corporation
678,"Molecular Rebar Design, LLC","Molecular Rebar Design, LLC"
679,Moltech Corporation,Moltech Corporation
680,Momentive Performance Materials Inc.,Momentive Performance Materials Inc.
681,Monash University,Monash University
682,"MORIMURA SOFC TECHNOLOGY CO., LTD.","MORIMURA SOFC TECHNOLOGY CO., LTD."
683,"Mosaic Energy, LLC","Mosaic Energy, LLC"
684,MO-SCI Corporation,MO-SCI Corporation
685,"Motorola Mobility, Inc.","Motorola Mobility, Inc."
686,"Motorola, Inc.,","Motorola, Inc.,"
687,MTI MicroFuel Cells Inc.,MTI MicroFuel Cells Inc.
688,Murata Manufacturing Inc.,Murata Manufacturing Inc.
689,N.E. CHEMCAT CORPORATION,N.E. CHEMCAT CORPORATION
690,"Na4B, LLC","Na4B, LLC"
691,Nagase ChemteX Corporation,Nagase ChemteX Corporation
692,"NAKASHIMA SANGYO CO., LTD.","NAKASHIMA SANGYO CO., LTD."
693,NAMICS CORPORATION,NAMICS CORPORATION
694,NANJING UNIVERSITY OF TECHNOLOGY,NANJING UNIVERSITY OF TECHNOLOGY
695,Nano and Advanced Materials Institute Limited,Nano and Advanced Materials Institute Limited
696,"NanoDynamics Energy, Inc.","NanoDynamics Energy, Inc."
697,NanoEnergy Corporation,NanoEnergy Corporation
698,NanoGram Corporation,NanoGram Corporation
699,"Nanophil Co., Ltd.","Nanophil Co., Ltd."
700,NanoProducts Corporation,NanoProducts Corporation
701,"Nanostar, Inc.","Nanostar, Inc."
702,"Nanotek Instruments, Inc.","Nanotek Instruments, Inc."
703,NANYANG TECHNOLOGICAL UNIVERSITY,NANYANG TECHNOLOGICAL UNIVERSITY
704,National Central University,National Central University
705,NATIONAL CHENG KUNG UNIVERSITY,NATIONAL CHENG KUNG UNIVERSITY
706,National Institute For Materials Science,National Institute For Materials Science
707,NATIONAL INSTITUTE OF ADVANCED INDUSTRIAL SCIENCE AND TECHNOLOGY,NATIONAL INSTITUTE OF ADVANCED INDUSTRIAL SCIENCE AND TECHNOLOGY
708,National Research Council of Canada,National Research Council of Canada
709,National Science Council,National Science Council
710,National Sun Yat-Sen University,National Sun Yat-Sen University
711,NATIONAL SUN YAT-SEN UUNIVERSITY,NATIONAL SUN YAT-SEN UUNIVERSITY
712,National Taipei University of Technology,National Taipei University of Technology
713,National Taiwan University,National Taiwan University
714,National Taiwan University of Science and Technology,National Taiwan University of Science and Technology
715,"National Technology & Engineering Solutions of Sandia, LLC","National Technology & Engineering Solutions of Sandia, LLC"
716,NATIONAL UNIVERSITY CORPORATION GUNMA UNIVERSITY,NATIONAL UNIVERSITY CORPORATION GUNMA UNIVERSITY
717,National University Corporation Hokkaido University,National University Corporation Hokkaido University
718,NATIONAL UNIVERSITY CORPORATION MIE UNIVERSITY,NATIONAL UNIVERSITY CORPORATION MIE UNIVERSITY
719,NATIONAL UNIVERSITY CORPORATION NAGOYA UNIVERSITY,NATIONAL UNIVERSITY CORPORATION NAGOYA UNIVERSITY
720,National University Corporation Shizuoka University,National University Corporation Shizuoka University
721,NATIONAL UNIVERSITY CORPORATION TOKYO UNIVERSITY OF AGRICULTURE AND TECHNOLOGY,NATIONAL UNIVERSITY CORPORATION TOKYO UNIVERSITY OF AGRICULTURE AND TECHNOLOGY
722,National University Corporation Yamaguchi University,National University Corporation Yamaguchi University
723,National University Corporation Yokohama National University,National University Corporation Yokohama National University
724,NATIONAL UNIVERSITY OF DEFENSE TECHNOLOGY,NATIONAL UNIVERSITY OF DEFENSE TECHNOLOGY
725,National University of Singapore,National University of Singapore
726,Natrion LLC,Natrion LLC
727,NEC Corporation,NEC Corporation
728,"NEC Energy Devices, LTD.","NEC Energy Devices, LTD."
729,NEC Moli Energy Corporation,NEC Moli Energy Corporation
730,"NEC Tokin Tochigi, Ltd.","NEC Tokin Tochigi, Ltd."
731,"Ness Co., Ltd.","Ness Co., Ltd."
732,"Ness Energy Co., Ltd.","Ness Energy Co., Ltd."
733,Newsouth Innovations PTY Limited,Newsouth Innovations PTY Limited
734,"Nexant, Inc.","Nexant, Inc."
735,"NEXTECH MATERIALS, LTD.","NEXTECH MATERIALS, LTD."
736,"NGK INSULATORS, LTD.","NGK INSULATORS, LTD."
737,"NGK SPARK PLUG CO., LTD.","NGK SPARK PLUG CO., LTD."
738,NINGDE AMPEREX TECHNOLOGY LIMITED,NINGDE AMPEREX TECHNOLOGY LIMITED
739,"Nippon Chemical Denshi Co., Ltd.","Nippon Chemical Denshi Co., Ltd."
740,"NIPPON ELECTRIC GLASS CO., LTD.","NIPPON ELECTRIC GLASS CO., LTD."
741,Nippon Kayaku Kabushiki Kaisha,Nippon Kayaku Kabushiki Kaisha
742,Nippon Kodoshi Corporation,Nippon Kodoshi Corporation
743,"Nippon Nyukazai Co., Ltd.","Nippon Nyukazai Co., Ltd."
744,"Nippon Oil Co., Ltd.","Nippon Oil Co., Ltd."
745,"NIPPON SHOKUBAI CO., LTD.","NIPPON SHOKUBAI CO., LTD."
746,"Nippon Soda Co., Ltd.","Nippon Soda Co., Ltd."
747,NIPPON STEEL & SUMITOMO METAL CORPORATION,NIPPON STEEL & SUMITOMO METAL CORPORATION
748,"Nippon Steel Chemical Co., Ltd.","Nippon Steel Chemical Co., Ltd."
749,"NIPPON STEEL CHEMICAL & MATERIAL CO., LTD.","NIPPON STEEL CHEMICAL & MATERIAL CO., LTD."
750,NIPPON STEEL CORPORATION,NIPPON STEEL CORPORATION
751,Nippon Telegraph and Telephone Corporation,Nippon Telegraph and Telephone Corporation
752,Nippon Telegraph and Telephone Public Corporation,Nippon Telegraph and Telephone Public Corporation
753,Nippon Unicar Company Limited,Nippon Unicar Company Limited
754,"Nippondenso Co., Ltd.","Nippondenso Co., Ltd."
755,"NISSAN CHEMICAL INDUSTRIES, LTD.","NISSAN CHEMICAL INDUSTRIES, LTD."
756,"Nissan Motor Co., LTD.","Nissan Motor Co., LTD."
757,"NISSAN NORTH AMERICA, INC.","NISSAN NORTH AMERICA, INC."
758,"Nisshin Steel Co., Ltd.","Nisshin Steel Co., Ltd."
759,NISSHINBO HOLDINGS INC.,NISSHINBO HOLDINGS INC.
760,Nisshinbo Industries Inc.,Nisshinbo Industries Inc.
761,"Nissihinbo Industries, Inc.","Nissihinbo Industries, Inc."
762,"NISSIN ELECTRIC CO., LTD.","NISSIN ELECTRIC CO., LTD."
763,NITTO DENKO CORPORATION,NITTO DENKO CORPORATION
764,"NK Technologies, LLC","NK Technologies, LLC"
765,NKK Corporation,NKK Corporation
766,Noboru Oyama,Noboru Oyama
767,"NOHMS Technologies, Inc.","NOHMS Technologies, Inc."
768,Nokia Corporation,Nokia Corporation
769,NOK Corporation,NOK Corporation
770,NOF Corporation,NOF Corporation
771,Nokia Technologies Oy,Nokia Technologies Oy
772,North Carolina State University,North Carolina State University
773,Northwestern University,Northwestern University
774,"NTK Powerdex, Inc.","NTK Powerdex, Inc."
775,NuCellSys GmbH,NuCellSys GmbH
776,Nuvera Fuel Cells Europe S.R.L.,Nuvera Fuel Cells Europe S.R.L.
777,Nuvera Fuel Cells Europe S.r.l. de Nora Electrodi S.p.A.,Nuvera Fuel Cells Europe S.r.l. de Nora Electrodi S.p.A.
778,"Nuvera Fuel Cells, LLC","Nuvera Fuel Cells, LLC"
779,NXP B.V.,NXP B.V.
780,"Oak Ridge Micro-Energy, Inc.","Oak Ridge Micro-Energy, Inc."
781,Oerlikon Advanced Technologies AG,Oerlikon Advanced Technologies AG
782,Ohio State Innovation Foundation,Ohio State Innovation Foundation
783,Ohio University,Ohio University
784,Olivetti Personal Computer S.p.A.,Olivetti Personal Computer S.p.A.
785,Olivetti Personal Computers S.p.A.,Olivetti Personal Computers S.p.A.
786,OLYMPUS CORPORATION,OLYMPUS CORPORATION
787,"OMEGA ENERGY SYSTEMS, LLC","OMEGA ENERGY SYSTEMS, LLC"
788,ONED MATERIAL LLC,ONED MATERIAL LLC
789,Oorja Protonics,Oorja Protonics
790,Open Text SA ULC,Open Text SA ULC
791,Oronzio de Nora Impianti Elettrochimici S.p.A.,Oronzio de Nora Impianti Elettrochimici S.p.A.
792,Osaka City University,Osaka City University
793,"Osaka Gas, Co., Ltd.","Osaka Gas, Co., Ltd."
794,OSAKA PREFECTURE UNIVERSITY PUBLIC CORPORATION,OSAKA PREFECTURE UNIVERSITY PUBLIC CORPORATION
795,OSAKA RESEARCH INSTITUTE OF INDUSTRIAL SCIENCE AND TECHNOLOGY,OSAKA RESEARCH INSTITUTE OF INDUSTRIAL SCIENCE AND TECHNOLOGY
796,"Osmonics, Inc.","Osmonics, Inc."
797,Oticon A/S,Oticon A/S
798,Otsuka Kagaku Kabushiki Kaisha,Otsuka Kagaku Kabushiki Kaisha
799,"Ovonic Battery Company, Inc.","Ovonic Battery Company, Inc."
800,Oxis Energy Limited,Oxis Energy Limited
801,Palo Alto Research Center Incorporated,Palo Alto Research Center Incorporated
802,PANASONIC CORPORATION,PANASONIC CORPORATION
803,"PANASONIC INTELLECTUAL PROPERTY MANAGEMENT CO., LTD.","PANASONIC INTELLECTUAL PROPERTY MANAGEMENT CO., LTD."
804,"PANASONIC INTELLECTUAL PROPRETY MANAGEMENT CO., LTD.","PANASONIC INTELLECTUAL PROPRETY MANAGEMENT CO., LTD."
805,"Panasonic Intelletual Property Management Co., Ltd.","Panasonic Intelletual Property Management Co., Ltd."
806,"Parallel Solutions, Inc.","Parallel Solutions, Inc."
807,Patterning Technologies Limited,Patterning Technologies Limited
808,Paul Scherrer Institut,Paul Scherrer Institut
809,"PBI Performance Products, Inc.","PBI Performance Products, Inc."
810,Pechiney Recherche,Pechiney Recherche
811,Pemeas GmbH,Pemeas GmbH
812,Penn State Research Foundation,Penn State Research Foundation
813,Permelec Electrode Ltd.,Permelec Electrode Ltd.
814,PEUGEOT CITROEN AUTOMOBILES S.A.,PEUGEOT CITROEN AUTOMOBILES S.A.
815,PHILLIPS 66 COMPANY,PHILLIPS 66 COMPANY
816,Philips 66 Company,Philips 66 Company
817,Phoenix Analysis and Design Technologies,Phoenix Analysis and Design Technologies
818,"Phoenix Innovation, Inc.","Phoenix Innovation, Inc."
819,"Physical Sciences, Inc.","Physical Sciences, Inc."
820,"PIOTREK CO., LTD.","PIOTREK CO., LTD."
821,Plansee Composite Materials GmbH,Plansee Composite Materials GmbH
822,Plansee SE,Plansee SE
823,Plug Power L.L.C.,Plug Power L.L.C.
824,Plurion Limited,Plurion Limited
825,"Policell Technologies, Inc.","Policell Technologies, Inc."
826,"POLYBATT MATERIALS CO., LTD.","POLYBATT MATERIALS CO., LTD."
827,"Polyceed, Inc.","Polyceed, Inc."
828,"Polyfuel, Inc.","Polyfuel, Inc."
829,"Polymatech Co., Ltd.","Polymatech Co., Ltd."
830,POLYPLUS BATTERY COMPANY,POLYPLUS BATTERY COMPANY
831,Polytechnic University,Polytechnic University
832,"Posco Energy Co., Ltd.","Posco Energy Co., Ltd."
833,"POSITEC POWER TOOLS (SUZHOU) CO., LTD","POSITEC POWER TOOLS (SUZHOU) CO., LTD"
834,POSTECH ACADEMY-INDUSTRY FOUNDATION,POSTECH ACADEMY-INDUSTRY FOUNDATION
835,"Power Conversion, Inc.","Power Conversion, Inc."
836,"Power to Hydrogen, LLC","Power to Hydrogen, LLC"
837,"PPG Industries Ohio, Inc.","PPG Industries Ohio, Inc."
838,"PPG Industries, Inc.","PPG Industries, Inc."
839,"Praxair Technology, Inc.","Praxair Technology, Inc."
840,PRESIDENT AND FELLOWS OF HARVARD COLLEGE,PRESIDENT AND FELLOWS OF HARVARD COLLEGE
841,"Prieto Battery, Inc.","Prieto Battery, Inc."
842,Printed Energy Pty Ltd,Printed Energy Pty Ltd
843,Prologium Holding Inc.,Prologium Holding Inc.
844,"PROLOGIUM TECHNOLOGY CO., LTD.","PROLOGIUM TECHNOLOGY CO., LTD."
845,"Promerus, LLC","Promerus, LLC"
846,"Proton Energy Systems, Inc.","Proton Energy Systems, Inc."
847,Proton Motor Fuel Cell GmbH,Proton Motor Fuel Cell GmbH
848,Pu Chen,Pu Chen
849,Purdue Research Foundation,Purdue Research Foundation
850,Qinetiq Limited,Qinetiq Limited
851,"QINGTAO (KUNSHAN) ENERGY DEVELOPMENT CO., LTD.","QINGTAO (KUNSHAN) ENERGY DEVELOPMENT CO., LTD."
852,Quallion LLC,Quallion LLC
853,"QUANTUMSCAPE BATTERY, INC.","QUANTUMSCAPE BATTERY, INC."
854,QUANTUMSCAPE CORPORATION,QUANTUMSCAPE CORPORATION
855,QuestAir Technologies Inc.,QuestAir Technologies Inc.
856,R. Ernest Demaray,R. Ernest Demaray
857,R.R. Donnelley & Sons Company,R.R. Donnelley & Sons Company
858,RAMOT AT TEL-AVIV UNIVERSITY LTD.,RAMOT AT TEL-AVIV UNIVERSITY LTD.
859,Ramot University Authority for Applied Research & Industrial Development Ltd.,Ramot University Authority for Applied Research & Industrial Development Ltd.
860,"Recapping, Inc.","Recapping, Inc."
861,Regents of the University of California,Regents of the University of California
862,"Regents, University of California","Regents, University of California"
863,Regents of the University of Minnesota,Regents of the University of Minnesota
864,"REKRIX CO., LTD.","REKRIX CO., LTD."
865,"Relion, Inc.","Relion, Inc."
866,Renault SA,Renault SA
867,Rensselaer Polytechnic Institute,Rensselaer Polytechnic Institute
868,Rhodia Chimie,Rhodia Chimie
869,RHODIA OPERATIONS,RHODIA OPERATIONS
870,Richards Engineering,Richards Engineering
871,"RICOH COMPANY, LTD.","RICOH COMPANY, LTD."
872,Riken,Riken
873,"Riken Keiki Co., Ltd.","Riken Keiki Co., Ltd."
874,Rima Haring,Rima Haring
875,"RISING CHEMICAL CO., LTD.","RISING CHEMICAL CO., LTD."
876,ROBERT BOSCH GMBH,ROBERT BOSCH GMBH
877,"Rocket Electric Co., Ltd","Rocket Electric Co., Ltd"
878,Rockwell International Corporation,Rockwell International Corporation
879,Rohm and Haas Company,Rohm and Haas Company
880,Rolls-Royce and Associates Limited,Rolls-Royce and Associates Limited
881,Rolls-Royce plc,Rolls-Royce plc
882,ROUTEJADE INC.,ROUTEJADE INC.
883,"Rutgers, The State University of New Jersey","Rutgers, The State University of New Jersey"
884,S.E.R.E. S.r.l.,S.E.R.E. S.r.l.
885,S2 Batteries,S2 Batteries
886,SABIC GLOBAL TECHNOLOGIES B.V.,SABIC GLOBAL TECHNOLOGIES B.V.
887,Saehan Enertech Incorporation,Saehan Enertech Incorporation
888,SAFT,SAFT
889,"SAGE Electrochromics, Inc.","SAGE Electrochromics, Inc."
890,Saint Louis University,Saint Louis University
891,SAINT-GOBAIN CENTRE DE RECHERCHIES ET D'ETUDES EUROPEEN,SAINT-GOBAIN CENTRE DE RECHERCHIES ET D'ETUDES EUROPEEN
892,SAINT-GOBAIN CENTRE DE RECHERCHES ET D'ETUDES EUROPEEN,SAINT-GOBAIN CENTRE DE RECHERCHES ET D'ETUDES EUROPEEN
893,"SAINT-GOBAIN CERAMICS & PLASTICS, INC.","SAINT-GOBAIN CERAMICS & PLASTICS, INC."
894,Saint-Gobain Vitrage International,Saint-Gobain Vitrage International
895,Saint-Gobain Vitrage,Saint-Gobain Vitrage
896,"SAKTI3, INC.","SAKTI3, INC."
897,Sakuu Corporation,Sakuu Corporation
898,"Samsung Display Devices Co., Ltd.","Samsung Display Devices Co., Ltd."
899,"SAMSUNG ELECTRONICS CO., LTC.","SAMSUNG ELECTRONICS CO., LTC."
900,"Samsung Electro-Mechanics Co., Ltd.","Samsung Electro-Mechanics Co., Ltd."
901,"Samsung Electroonics Co., Ltd.","Samsung Electroonics Co., Ltd."
902,"Samsung Fine Chemicals Co., Ltd","Samsung Fine Chemicals Co., Ltd"
903,"SAMSUNG SDI CO, LTD.","SAMSUNG SDI CO, LTD."
904,Sandia Corporation,Sandia Corporation
905,SANTOKU CORPORATION,SANTOKU CORPORATION
906,"Sanyo Chemical Industries, Ltd.","Sanyo Chemical Industries, Ltd."
907,Sanyo Electric Co.,Sanyo Electric Co.
908,"SANYO Optec Design Co., Ltd.","SANYO Optec Design Co., Ltd."
909,SAPURAST RESEARCH LLC,SAPURAST RESEARCH LLC
910,"Saracom Co., Ltd.","Saracom Co., Ltd."
911,Saralon GmbH,Saralon GmbH
912,SAUDI ARABIAN OIL COMPANY,SAUDI ARABIAN OIL COMPANY
913,"SAVANNAH RIVER NUCLEAR SOLUTIONS, LLC","SAVANNAH RIVER NUCLEAR SOLUTIONS, LLC"
914,SB SOLAR,SB SOLAR
915,SCANIA CV AB,SCANIA CV AB
916,SCHOTT AG,SCHOTT AG
917,Schwarzkopf Technologies Corporation,Schwarzkopf Technologies Corporation
918,"SCREEN Holdings Co., Ltd.","SCREEN Holdings Co., Ltd."
919,Seed Capital Investments (SCI) B.V.,Seed Capital Investments (SCI) B.V.
920,"Seeo, Inc.","Seeo, Inc."
921,Seiko Electric Components Ltd.,Seiko Electric Components Ltd.
922,"Seiko Electronic Components, Ltd.","Seiko Electronic Components, Ltd."
923,SEIKO EPSON CORPORATION,SEIKO EPSON CORPORATION
924,SEIKO INSTRUMENTS INC.,SEIKO INSTRUMENTS INC.
925,"Sekisui Chemical Co., Ltd.","Sekisui Chemical Co., Ltd."
926,"Semiconductor Energy Laboratory Co., Ltd.","Semiconductor Energy Laboratory Co., Ltd."
927,Seoul National University Industry Foundation,Seoul National University Industry Foundation
928,Seoul National University R&DB Foundation,Seoul National University R&DB Foundation
929,SES Holdings Pte. Ltd.,SES Holdings Pte. Ltd.
930,"SEVEN KING ENERGY CO., LTD.","SEVEN KING ENERGY CO., LTD."
931,SF MOTORS INC.,SF MOTORS INC.
932,"SFC, Smart Fuel Cell AG","SFC, Smart Fuel Cell AG"
933,SGL Carbon AG,SGL Carbon AG
934,SGL Carbon SE,SGL Carbon SE
935,"Shandong Huaxia Shenzhou New Material Co., Ltd.","Shandong Huaxia Shenzhou New Material Co., Ltd."
936,"Shandong Huazia Shenzhou New Material Co., Ltd.","Shandong Huazia Shenzhou New Material Co., Ltd."
937,"Shanghai Energy New Materials Technology Co., Ltd.","Shanghai Energy New Materials Technology Co., Ltd."
938,Sharp Kabushiki Kaisha,Sharp Kabushiki Kaisha
939,"Sharp Laboratories of America, Inc.","Sharp Laboratories of America, Inc."
940,Shell Oil Company,Shell Oil Company
941,Shikoku Chemicals Corporation,Shikoku Chemicals Corporation
942,"SHIN-ETSU CHEMICAL CO., LTD.","SHIN-ETSU CHEMICAL CO., LTD."
943,"SHINKO ELECTRIC INDUSTRIES CO., LTD.","SHINKO ELECTRIC INDUSTRIES CO., LTD."
944,SHINSHU UNIVERSITY,SHINSHU UNIVERSITY
945,"Shirouma Science Co., Ltd.","Shirouma Science Co., Ltd."
946,Showa Denko K.K.,Showa Denko K.K.
947,Showa Denki Kabushiki Kaisha,Showa Denki Kabushiki Kaisha
948,Siemens Aktiengesellschaft,Siemens Aktiengesellschaft
949,Siemens Westinghouse Power Corporation,Siemens Westinghouse Power Corporation
950,SILA NANOTECHNOLOGIES INC.,SILA NANOTECHNOLOGIES INC.
951,"Silatronix, Inc.","Silatronix, Inc."
952,Simon Fraser University,Simon Fraser University
953,"SINTOKOGIO, LTD.","SINTOKOGIO, LTD."
954,Sion Power Corporation,Sion Power Corporation
955,"Sisom Thin Films, LLC","Sisom Thin Films, LLC"
956,"SK INNOVATION CO., LTD.","SK INNOVATION CO., LTD."
957,SKC Limited,SKC Limited
958,SNU R&DB Foundation,SNU R&DB Foundation
959,Societe Anonyme dite Compagnie Generale d'Electricite,Societe Anonyme dite Compagnie Generale d'Electricite
960,Societe BIC,Societe BIC
961,Societe des Ceramiques Techniques,Societe des Ceramiques Techniques
962,Societe Nationale Elf Aquitaine,Societe Nationale Elf Aquitaine
963,Sofco,Sofco
964,SOGANG UNIVERSITY RESEARCH FOUNDATION,SOGANG UNIVERSITY RESEARCH FOUNDATION
965,Soitec,Soitec
966,SOLARIS HOLDINGS LIMITED,SOLARIS HOLDINGS LIMITED
967,"Solicore, Inc.","Solicore, Inc."
968,"SolidEnergy Systems, LLC","SolidEnergy Systems, LLC"
969,SOLIDpower SA,SOLIDpower SA
970,SOLVAY SA,SOLVAY SA
971,"Solvay Solexis, S.p.A.","Solvay Solexis, S.p.A."
972,Solvay Specialty Polymers Italy S.p.A.,Solvay Specialty Polymers Italy S.p.A.
973,SOLVAY SPECIALTY POLYMERS ITALY S.P.A,SOLVAY SPECIALTY POLYMERS ITALY S.P.A
974,Sony Chemical & Information Device Corporation,Sony Chemical & Information Device Corporation
975,SONY CORPORATION,SONY CORPORATION
976,"SOTERIA Battery Innovation Group, Inc.","SOTERIA Battery Innovation Group, Inc."
977,South African Inventions Development Corporation,South African Inventions Development Corporation
978,SOUTH DAKOTA BOARD OF REGENTS,SOUTH DAKOTA BOARD OF REGENTS
979,Southern California Edison Company,Southern California Edison Company
980,Southwest Research Institue,Southwest Research Institue
981,Southwest Research Institute,Southwest Research Institute
982,"SPACE CHARGE, LLC","SPACE CHARGE, LLC"
983,Springpower International Inc.,Springpower International Inc.
984,SRI International,SRI International
985,STMicroelectronics S.r.l.,STMicroelectronics S.r.l.
986,Stichting Energieonderzoek Centrum Nederland,Stichting Energieonderzoek Centrum Nederland
987,Stichting Scheikundig Onderzoek Nederland,Stichting Scheikundig Onderzoek Nederland
988,Stichting voor de Technische Wetenschappen,Stichting voor de Technische Wetenschappen
989,STMICROELECTRONICS (TOURS) SAS,STMICROELECTRONICS (TOURS) SAS
990,"Stonehart Associates, Inc.","Stonehart Associates, Inc."
991,STOREDOT LTD.,STOREDOT LTD.
992,STUDIENGESELLSCHAFT KOHLE MBH,STUDIENGESELLSCHAFT KOHLE MBH
993,Sulzer Brothers Limited,Sulzer Brothers Limited
994,Sulzer Hexis AG,Sulzer Hexis AG
995,Sulzer Innotec AG,Sulzer Innotec AG
996,"Sumita Optical Glass, Inc.","Sumita Optical Glass, Inc."
997,"Sumitomo Chemical Company, Ltd.","Sumitomo Chemical Company, Ltd."
998,"SUMITOMO ELECTRIC INDUSTRIES, LTD.","SUMITOMO ELECTRIC INDUSTRIES, LTD."
999,"SUMITOMO ELECTIC INDUSTRIES, LTD.","SUMITOMO ELECTIC INDUSTRIES, LTD."
1000,"Sumitomo Metal Industries, Ltd.","Sumitomo Metal Industries, Ltd."
1001,"Sumitomo Metal Mining Co., Ltd.","Sumitomo Metal Mining Co., Ltd."
1002,"SUMITOMO PRECISION PRODUCTS CO., LTD.","SUMITOMO PRECISION PRODUCTS CO., LTD."
1003,"SUMITOMO SEIKA CHEMICALS CO., LTD.","SUMITOMO SEIKA CHEMICALS CO., LTD."
1004,"Sumitomo Special Metals Company, Limited","Sumitomo Special Metals Company, Limited"
1005,SUNFIRE GMBH,SUNFIRE GMBH
1006,Sunstar Engineering Inc.,Sunstar Engineering Inc.
1007,Sunstar Giken Kabushiki Kaisha,Sunstar Giken Kabushiki Kaisha
1008,"Sunyen Co., Ltd.","Sunyen Co., Ltd."
1009,Superior Graphite Co.,Superior Graphite Co.
1010,SUZUKI MOTOR CORPORATION,SUZUKI MOTOR CORPORATION
1011,"Symyx Technologies, Inc.","Symyx Technologies, Inc."
1012,Syracuse University,Syracuse University
1013,"T/J Technologies, Inc.","T/J Technologies, Inc."
1014,Tadiran Batteries Ltd.,Tadiran Batteries Ltd.
1015,"Taiwan Semiconductor Manufacturing Company, Ltd.","Taiwan Semiconductor Manufacturing Company, Ltd."
1016,TAIWAN TEXTILE RESEARCH INSTITUTE,TAIWAN TEXTILE RESEARCH INSTITUTE
1017,"TAIYO YUDEN CO., LTD.","TAIYO YUDEN CO., LTD."
1018,Tanaka Kikinzoku Kogyo K.K.,Tanaka Kikinzoku Kogyo K.K.
1019,Tanaka Kikinzoku Kogyo K. K.,Tanaka Kikinzoku Kogyo K. K.
1020,Tatsumi Ishihara,Tatsumi Ishihara
1021,TDA Research,TDA Research
1022,TDK CORPORATION,TDK CORPORATION
1023,"TDL CO., LTD.","TDL CO., LTD."
1024,Technische Universitat Dresden,Technische Universitat Dresden
1025,Technology Finance Corporation (Proprietary) Limited,Technology Finance Corporation (Proprietary) Limited
1026,"Technology Management, Inc.","Technology Management, Inc."
1027,"Technology Resources International, Inc.","Technology Resources International, Inc."
1028,Teijin Limited,Teijin Limited
1029,"Tekion, Inc.","Tekion, Inc."
1030,Teknologian tutkimuskeskus VTT Oy,Teknologian tutkimuskeskus VTT Oy
1031,Tel Aviv University Future Technology Development L.P.,Tel Aviv University Future Technology Development L.P.
1032,"Teledyne Energy Systems, Inc.","Teledyne Energy Systems, Inc."
1033,"Teledyne Industries, Inc.","Teledyne Industries, Inc."
1034,Teledyne Technologies Incorporated,Teledyne Technologies Incorporated
1035,Telefonaktiebolaget LM Ericsson (publ),Telefonaktiebolaget LM Ericsson (publ)
1036,TEMASEK POLYTECHNIC,TEMASEK POLYTECHNIC
1037,TEMPLE UNIVERSITYOF THE COMMONWEALTH SYSTEM OF HIGHER EDUCATION,TEMPLE UNIVERSITYOF THE COMMONWEALTH SYSTEM OF HIGHER EDUCATION
1038,TEMPLE UNIVERSITYOF THE COMMONWEALTH SYSTEM OF HIGHER EDUCATION,TEMPLE UNIVERSITYOF THE COMMONWEALTH SYSTEM OF HIGHER EDUCATION
1039,TeraWatt Technology Inc.,TeraWatt Technology Inc.
1040,Texas Instruments Incorporated,Texas Instruments Incorporated
1041,The Board of Regents of the University of Oklahoma,The Board of Regents of the University of Oklahoma
1042,The Board of Regents of The University of Texas System,The Board of Regents of The University of Texas System
1043,The Board of Regents University and Community College System of Nevada on Behalf of the University of Nevada,The Board of Regents University and Community College System of Nevada on Behalf of the University of Nevada
1044,THE BOARD OF TRUSTEES OF THE LELAND STANFORD JUNIOR UNIVERSITY,THE BOARD OF TRUSTEES OF THE LELAND STANFORD JUNIOR UNIVERSITY
1045,The Board of Trustees of the Lealand Stanford Junior University,The Board of Trustees of the Lealand Stanford Junior University
1046,The Board of Trustees of the University of Illinois,The Board of Trustees of the University of Illinois
1047,The Boeing Company,The Boeing Company
1048,"THE CHEMOURS COMPANY FC, LLC","THE CHEMOURS COMPANY FC, LLC"
1049,The Curators of the University of Missouri,The Curators of the University of Missouri
1050,The Dow Chemical Company,The Dow Chemical Company
1051,The Dow ChemicalCompany,The Dow ChemicalCompany
1052,The Gakushuin School Corporation,The Gakushuin School Corporation
1053,"The Government of the United States of America, as represented by the Secretary of the Navy","The Government of the United States of America, as represented by the Secretary of the Navy"
1054,The Governors of the University of Alberta,The Governors of the University of Alberta
1055,The Hong Kong University of Science and Technology,The Hong Kong University of Science and Technology
1056,"The InterTech Group, Inc.","The InterTech Group, Inc."
1057,"The Kansai Electric Power Co., Ltd.","The Kansai Electric Power Co., Ltd."
1058,"The New Brunswick Telephone Company, Limited","The New Brunswick Telephone Company, Limited"
1059,The Ohio State University,The Ohio State University
1060,The Potanin Institute Limited,The Potanin Institute Limited
1061,The Regents of the University of Calif.,The Regents of the University of Calif.
1062,The Regents of the University of California Office of Technology Transfer,The Regents of the University of California Office of Technology Transfer
1063,"The Regents of the University of Colorado, a body corporate","The Regents of the University of Colorado, a body corporate"
1064,THE REGENTS OF THE UNIVERSITY OF MICHIGAN,THE REGENTS OF THE UNIVERSITY OF MICHIGAN
1065,The Research Foundation of State University of the New York,The Research Foundation of State University of the New York
1066,The Research Foundation of State of New York,The Research Foundation of State of New York
1067,The Texas A&M University System,The Texas A&M University System
1068,The Trustees of Boston University,The Trustees of Boston University
1069,The Trustees Of The University Of Pennsylvania,The Trustees Of The University Of Pennsylvania
1070,The United Stated of America as represented by the Secretary of the Air Force,The United Stated of America as represented by the Secretary of the Air Force
1071,The United States of America as represented by the Administrator of the National Aeronautics and Space Administration,The United States of America as represented by the Administrator of the National Aeronautics and Space Administration
1072,The United States of America as represented by the Department of Energy,The United States of America as represented by the Department of Energy
1073,United States of America as represented by the Secretary of the Air Force,United States of America as represented by the Secretary of the Air Force
1074,THE UNITED STATES OF AMERICA AS REPRESENTED BY THE SECRETARY OF THE ARMY,THE UNITED STATES OF AMERICA AS REPRESENTED BY THE SECRETARY OF THE ARMY
1075,The United States of America as represented by the Secretary of the Navy,The United States of America as represented by the Secretary of the Navy
1076,The United States of America as represented by the United States Department of Energy,The United States of America as represented by the United States Department of Energy
1077,"GOVERNEMENT OF THE UNITED STATES OF AMERICA, AS REPRESENTED BY THE SECRETARY OF COMMERCE","GOVERNEMENT OF THE UNITED STATES OF AMERICA, AS REPRESENTED BY THE SECRETARY OF COMMERCE"
1078,The University of Akron,The University of Akron
1079,The University of Chicago,The University of Chicago
1080,University of Connecticut,University of Connecticut
1081,UNIVERSITY OF DAYTON,UNIVERSITY OF DAYTON
1082,University of Iowa Research Foundation,University of Iowa Research Foundation
1083,The University of Manchester,The University of Manchester
1084,"University of Maryland, College Park","University of Maryland, College Park"
1085,The University of North Carolina at Chapel Hill,The University of North Carolina at Chapel Hill
1086,University of South Florida,University of South Florida
1087,The University of Tulsa,The University of Tulsa
1088,University of Utah Research Foundation,University of Utah Research Foundation
1089,Thermal Ceramics UK Limited,Thermal Ceramics UK Limited
1090,"Thinika, LLC","Thinika, LLC"
1091,Thomas Haring,Thomas Haring
1092,Thomas Haring and Rima Haring,Thomas Haring and Rima Haring
1093,Thomson - CSF,Thomson - CSF
1094,"THREEBOND CO., LTD.","THREEBOND CO., LTD."
1095,THYSSENKRUPP AG,THYSSENKRUPP AG
1096,THYSSENKRUPP SYSTEM ENGINEERING GMBH,THYSSENKRUPP SYSTEM ENGINEERING GMBH
1097,TIANJIN UNIVERSITY,TIANJIN UNIVERSITY
1098,Toa Nenryo Kogyo Kabushiki Kaisha,Toa Nenryo Kogyo Kabushiki Kaisha
1099,TOAGOSEI CO. LTD.,TOAGOSEI CO. LTD.
1100,"Toho Gas Co., Ltd.","Toho Gas Co., Ltd."
1101,"TOHO TITANIUM CO., LTD.","TOHO TITANIUM CO., LTD."
1102,"TOHOKU TECHNO ARCH CO., LTD.","TOHOKU TECHNO ARCH CO., LTD."
1103,TOHOKU UNIVERSITY,TOHOKU UNIVERSITY
1104,"Tokai Aluminum Fiol Co., Ltd.","Tokai Aluminum Fiol Co., Ltd."
1105,"Tokai Rubber Industries, Ltd.","Tokai Rubber Industries, Ltd."
1106,Tokuyama Corporation,Tokuyama Corporation
1107,"TOKYO ELECTRIC POWER COMPANY HOLDINGS, INCORPORATED","TOKYO ELECTRIC POWER COMPANY HOLDINGS, INCORPORATED"
1108,"Tokyo Gas Co., Ltd.","Tokyo Gas Co., Ltd."
1109,Tokyo Institute of Technology,Tokyo Institute of Technology
1110,Tokyo Insititute of Technology,Tokyo Insititute of Technology
1111,Tokyo Jidosha Kabushiki Kaisha,Tokyo Jidosha Kabushiki Kaisha
1112,TOKYO METROPOLITAN UNIVERSITY,TOKYO METROPOLITAN UNIVERSITY
1113,"TOKYO OHKA KOGYO CO., LTD.","TOKYO OHKA KOGYO CO., LTD."
1114,TOKYO UNIVERSITY OF SCIENCE FOUNDATION,TOKYO UNIVERSITY OF SCIENCE FOUNDATION
1115,Tonen Chemical Company,Tonen Chemical Company
1116,Tongji University,Tongji University
1117,Toray Battery Separator Film Co. Ltd.,Toray Battery Separator Film Co. Ltd.
1118,"TORAY INDUSTRIES, INC.","TORAY INDUSTRIES, INC."
1119,Toray Tonen Specialty Separator Godo Kaisha,Toray Tonen Specialty Separator Godo Kaisha
1120,"Toshiba Battery Co., Ltd.","Toshiba Battery Co., Ltd."
1121,Toshiba Infrastructure Systems & Solutions Corporation,Toshiba Infrastructure Systems & Solutions Corporation
1122,Total Energies Nouvelles Activites USA,Total Energies Nouvelles Activites USA
1123,Total S.A.,Total S.A.
1124,Toto Ltd.,Toto Ltd.
1125,"Touchstone Research Laboratory, Ltd.","Touchstone Research Laboratory, Ltd."
1126,TOYO ALUMINIUM KABUSHIKI KAISHA,TOYO ALUMINIUM KABUSHIKI KAISHA
1127,Toyo Boseki Kabushiki Kaisha,Toyo Boseki Kabushiki Kaisha
1128,"Toyo Roshi Kaisha, Ltd.","Toyo Roshi Kaisha, Ltd."
1129,"TOYO TANSO CO., LTD.","TOYO TANSO CO., LTD."
1130,"Toyota Auto Body Co., Ltd.","Toyota Auto Body Co., Ltd."
1131,TOYOTA JIDOSHA KABUSHIKIKAISHA,TOYOTA JIDOSHA KABUSHIKIKAISHA
1132,Kabushiki Kaisha Toyoda Jidoshokki Seisakusho,Kabushiki Kaisha Toyoda Jidoshokki Seisakusho
1133,TOYTA JIDOSHA KABUSHIKI KAISHA,TOYTA JIDOSHA KABUSHIKI KAISHA
1134,Toyota Jidoshi Kabushiki Kaisha,Toyota Jidoshi Kabushiki Kaisha
1135,Toyota Jidosa Kabushiki Kaisha,Toyota Jidosa Kabushiki Kaisha
1136,Toyota Motor Corporation,Toyota Motor Corporation
1137,"TOYOTA MOTOR ENGINEERING & MANUFACTURING NORTH AMERICA, INC.","TOYOTA MOTOR ENGINEERING & MANUFACTURING NORTH AMERICA, INC."
1138,Toyota Motor Europe,Toyota Motor Europe
1139,"Toyota Research Institute, Inc.","Toyota Research Institute, Inc."
1140,Toyota Shatai Kabushiki Kaisha,Toyota Shatai Kabushiki Kaisha
1141,"Toyota Technical Center USA, Inc","Toyota Technical Center USA, Inc"
1142,Trans Ionics Corporation,Trans Ionics Corporation
1143,"TRANSFERT PLUS, S.E.C.","TRANSFERT PLUS, S.E.C."
1144,"Trekion Co., Ltd.","Trekion Co., Ltd."
1145,TRENERGI CORPORATION,TRENERGI CORPORATION
1146,Treofan Germany GmbH & Co. KG,Treofan Germany GmbH & Co. KG
1147,"Triad National Security, LLC","Triad National Security, LLC"
1148,Trustees of Tufts College,Trustees of Tufts College
1149,TSINGHUA UNIVERSITY,TSINGHUA UNIVERSITY
1150,Tufts University,Tufts University
1151,TUM CREATE LIMITED,TUM CREATE LIMITED
1152,U.S. Department of Energy,U.S. Department of Energy
1153,U.S. Philips Corporation,U.S. Philips Corporation
1154,U.S. The United States of America as represented by the United States Department of Energy,U.S. The United States of America as represented by the United States Department of Energy
1155,"UBE INDUSTRIES, LTD.","UBE INDUSTRIES, LTD."
1156,UCAR Carbon Technology Corporation,UCAR Carbon Technology Corporation
1157,UCAR Graph-Tech Inc.,UCAR Graph-Tech Inc.
1158,"UCHICAGO ARGONNE, LLC","UCHICAGO ARGONNE, LLC"
1159,Uhde GmbH,Uhde GmbH
1160,United Kingdom Atomic Energy Authority,United Kingdom Atomic Energy Authority
1161,UNITED KINGDOM RESEARCH AND INNOVATION,UNITED KINGDOM RESEARCH AND INNOVATION
1162,ULSAN NATIONAL INSTITUTE OF SCIENCE AND TECHNOLOGY,ULSAN NATIONAL INSTITUTE OF SCIENCE AND TECHNOLOGY
1163,UNIST (Ulsan National Institute of Science and Technology),UNIST (Ulsan National Institute of Science and Technology)
1164,"Ultracell, Inc.","Ultracell, Inc."
1165,"Ultralife Batteries, Inc.","Ultralife Batteries, Inc."
1166,UMICORE,UMICORE
1167,UMICORE KOREA LTD.,UMICORE KOREA LTD.
1168,"Uni-Chemical Co., Ltd.","Uni-Chemical Co., Ltd."
1169,United States Department of Energy,United States Department of Energy
1170,UNITED TECHNOLOGIES CORPORATION,UNITED TECHNOLOGIES CORPORATION
1171,Unitika Ltd.,Unitika Ltd.
1172,Universidade De Aveiro,Universidade De Aveiro
1173,UNIVERSIDADE DO PORTO,UNIVERSIDADE DO PORTO
1174,UNIVERSITA' DEGLI DI ROMA,UNIVERSITA' DEGLI DI ROMA
1175,Universitat Seigen,Universitat Seigen
1176,Universite Claude Bernard Lyon,Universite Claude Bernard Lyon
1177,UNIVERSITE DE MONTPELLIER,UNIVERSITE DE MONTPELLIER
1178,Universite de Montreal,Universite de Montreal
1179,University de Montreal,University de Montreal
1180,UNIVERSITE DE NANTES,UNIVERSITE DE NANTES
1181,Universite Montpellier 2Sciences et Techniques,Universite Montpellier 2—Sciences et Techniques
1182,Universite Paul Sabatier Toulouse III,Universite Paul Sabatier Toulouse III
1183,Universitetet I Oslo,Universitetet I Oslo
1184,UNIVERSITI BRUNEI DARUSSALAM,UNIVERSITI BRUNEI DARUSSALAM
1185,University of Cincinnati,University of Cincinnati
1186,University of Delaware,University of Delaware
1187,"University of Florida Research Foundation, Inc.","University of Florida Research Foundation, Inc."
1188,University of Houston System,University of Houston System
1189,UNIVERSITY OF KANSAS,UNIVERSITY OF KANSAS
1190,UNIVERSITY OF LEEDS,UNIVERSITY OF LEEDS
1191,University of Massachusetts,University of Massachusetts
1192,University of Rochester,University of Rochester
1193,University of South Carolina,University of South Carolina
1194,UNIVERSITY OF SOUTHERN CALIFORNIA,UNIVERSITY OF SOUTHERN CALIFORNIA
1195,UNIVERSITY OF TARTU,UNIVERSITY OF TARTU
1196,University of Tennessee Research Foundation,University of Tennessee Research Foundation
1197,University of the Witwatersrand,University of the Witwatersrand
1198,University of Virginia Patent Foundation,University of Virginia Patent Foundation
1199,UNIVERSITY OF YAMANASHI,UNIVERSITY OF YAMANASHI
1200,University-Industry Cooperation Group of Kyung Hee University,University-Industry Cooperation Group of Kyung Hee University
1201,Universty of Delaware,Universty of Delaware
1202,UOP LLC,UOP LLC
1203,"UT Automotive Dearborn, Inc.","UT Automotive Dearborn, Inc."
1204,Utah State University,Utah State University
1205,"UT-BATTELLE, LLC","UT-BATTELLE, LLC"
1206,"UTC Fuel Cells, LLC","UTC Fuel Cells, LLC"
1207,UTC Power Corporation,UTC Power Corporation
1208,UTI Limited Partnership,UTI Limited Partnership
1209,"Valence Technology, Inc","Valence Technology, Inc"
1210,VANDERBILT UNIVERSITY,VANDERBILT UNIVERSITY
1211,Varta Batterie Aktiengesellschaft,Varta Batterie Aktiengesellschaft
1212,VARTA Microbattery GmbH,VARTA Microbattery GmbH
1213,Verily Life Sciences LLC,Verily Life Sciences LLC
1214,Vickers Shipbuilding and Engineering Limited,Vickers Shipbuilding and Engineering Limited
1215,Victrex Manufacturing Limited,Victrex Manufacturing Limited
1216,"VINATECH CO., LTD.","VINATECH CO., LTD."
1217,"Virginia Tech Intellectual Properties, Inc.","Virginia Tech Intellectual Properties, Inc."
1218,Vissers Battery Corporation,Vissers Battery Corporation
1219,"Vital Signs, Inc.","Vital Signs, Inc."
1220,Vlaamse Instelling Voor Technologisch Onderzoek,Vlaamse Instelling Voor Technologisch Onderzoek
1221,Vodafone AG,Vodafone AG
1222,VOLKSWAGEN AG,VOLKSWAGEN AG
1223,"Volt Research, LLC","Volt Research, LLC"
1224,"W. L. Gore & Associates, Inc.","W. L. Gore & Associates, Inc."
1225,W. R. Grace & Co.-Conn.,W. R. Grace & Co.-Conn.
1226,Washington State University,Washington State University
1227,Washington State University Research Foundation,Washington State University Research Foundation
1228,"WATT AGENT, LLC","WATT AGENT, LLC"
1229,WATT FUEL CELL CORP.,WATT FUEL CELL CORP.
1230,"WATTRII, Inc.","WATTRII, Inc."
1231,Werner Weppner,Werner Weppner
1232,West Virginia University,West Virginia University
1233,WESTFALISCHE WILHELMS-UNIVERSITAT MUNSTER,WESTFALISCHE WILHELMS-UNIVERSITAT MUNSTER
1234,Westinghouse Electric Corporation,Westinghouse Electric Corporation
1235,"Wildcat Discovery Technologies, Inc.","Wildcat Discovery Technologies, Inc."
1236,WILLIAM MARCH RICE UNIVERSITY,WILLIAM MARCH RICE UNIVERSITY
1237,Wilson Greatbatch Ltd.,Wilson Greatbatch Ltd.
1238,WISCONSIN ALUMNI RESEARCH FOUNDATION,WISCONSIN ALUMNI RESEARCH FOUNDATION
1239,"World Properties, Inc.","World Properties, Inc."
1240,X DEVELOPMENT LLC,X DEVELOPMENT LLC
1241,XCELLSIS GmbH,XCELLSIS GmbH
1242,Xebec Adsorption Inc.,Xebec Adsorption Inc.
1243,Xergy LTD,Xergy LTD
1244,Xin Zhang,Xin Zhang
1245,Yamaguchi University,Yamaguchi University
1246,YAZAKI CORPORATION,YAZAKI CORPORATION
1247,YKK Corporation,YKK Corporation
1248,Yokohama National University,Yokohama National University
1249,Yoshida Kogyo K.K.,Yoshida Kogyo K.K.
1250,"YOULCHON CHEMICAL CO., LTD.","YOULCHON CHEMICAL CO., LTD."
1251,Yuan Ze university,Yuan Ze university
1252,Yuasa Battery Company Ltd.,Yuasa Battery Company Ltd.
1253,Yuasa Corporation,Yuasa Corporation
1254,YUGENKAISHA CHUSEIGIKEN,YUGENKAISHA CHUSEIGIKEN
1255,Yusaku Takita,Yusaku Takita
1256,Yusasa Corporation,Yusasa Corporation
1257,"Zenlabs Energy, Inc.","Zenlabs Energy, Inc."
1258,Zentrum fur Sonnenenergie und Wasserstoff-Forschung Baden Wuetternberg Gemeinnuetzige Stiftung,Zentrum fur Sonnenenergie und Wasserstoff-Forschung Baden Wuetternberg Gemeinnuetzige Stiftung
1259,ZEON CORPORATION,ZEON CORPORATION
1260,Zhang Xin,Zhang Xin
1261,ZNANO LLC,ZNANO LLC
1262,Ztek Corporation,Ztek Corporation
